timestamp,device_id,event_type,user,src_ip,vpn_gateway,auth_method,session_duration_sec,bytes_transferred,status,failure_reason
2026-03-16 22:14:00,FGT-01,SESSION_START,fmartinez,34.162.93.215,vpn-gw-01,MFA,20927,3529266,SUCCESS,
2026-03-16 01:06:00,FGT-03,AUTH_SUCCESS,fmartinez,154.44.70.181,vpn-gw-02,password,10491,3983160,SUCCESS,
2026-03-16 05:16:11,FGT-03,SESSION_END,jsmith,77.174.111.118,vpn-gw-02,MFA,28664,3169936,SUCCESS,
2026-03-16 00:49:55,FGT-02,SESSION_START,agarcia,175.196.106.153,vpn-gw-01,certificate,28151,3913562,SUCCESS,
2026-03-16 22:07:10,FGT-03,SESSION_END,mlopez,100.198.111.28,vpn-gw-02,certificate,18326,3427953,SUCCESS,
2026-03-16 02:16:03,FGT-02,SESSION_END,fmartinez,212.54.60.202,vpn-gw-02,certificate,2605,4920594,SUCCESS,
2026-03-16 13:21:35,FGT-01,AUTH_SUCCESS,agarcia,212.130.129.136,vpn-gw-01,certificate,20867,3037164,SUCCESS,
2026-03-16 06:53:04,FGT-01,AUTH_SUCCESS,jsmith,134.94.58.153,vpn-gw-01,MFA,2885,3269476,SUCCESS,
2026-03-16 05:07:56,FGT-01,SESSION_START,admin,195.76.152.171,vpn-gw-02,password,9439,3814862,SUCCESS,
2026-03-16 23:21:31,FGT-02,SESSION_END,mlopez,31.87.14.211,vpn-gw-01,password,26476,2098737,SUCCESS,
2026-03-16 17:26:34,FGT-02,SESSION_END,fmartinez,111.16.117.117,vpn-gw-02,password,21347,2498324,SUCCESS,
2026-03-16 12:50:52,FGT-02,SESSION_END,agarcia,59.118.96.63,vpn-gw-01,certificate,23945,3001086,SUCCESS,
2026-03-16 07:50:46,FGT-01,AUTH_SUCCESS,svc-account,138.241.76.250,vpn-gw-01,certificate,24326,3936423,SUCCESS,
2026-03-16 18:18:23,FGT-03,AUTH_FAIL,fmartinez,109.226.170.140,vpn-gw-01,MFA,0,0,FAIL,expired_cert
2026-03-16 03:59:31,FGT-01,AUTH_SUCCESS,admin,217.197.91.209,vpn-gw-01,MFA,7201,2788555,SUCCESS,
2026-03-16 08:21:04,FGT-02,SESSION_END,agarcia,148.203.201.241,vpn-gw-02,MFA,2686,1092066,SUCCESS,
2026-03-16 23:42:05,FGT-03,SESSION_START,svc-account,130.171.115.165,vpn-gw-01,password,21578,2914257,SUCCESS,
2026-03-16 22:34:30,FGT-03,SESSION_END,fmartinez,108.240.252.56,vpn-gw-01,certificate,5244,1989837,SUCCESS,
2026-03-16 20:50:18,FGT-03,AUTH_SUCCESS,svc-account,51.15.65.23,vpn-gw-01,password,25925,832167,SUCCESS,
2026-03-16 07:26:20,FGT-01,SESSION_START,agarcia,21.152.202.62,vpn-gw-02,certificate,27152,785694,SUCCESS,
2026-03-16 23:51:16,FGT-02,SESSION_END,mlopez,76.172.72.86,vpn-gw-02,certificate,10385,614623,SUCCESS,
2026-03-16 19:34:11,FGT-01,SESSION_END,agarcia,182.95.39.158,vpn-gw-01,certificate,21481,1779606,SUCCESS,
2026-03-16 18:48:27,FGT-02,AUTH_FAIL,svc-account,111.226.38.10,vpn-gw-02,password,0,0,FAIL,timeout
2026-03-16 01:58:10,FGT-01,AUTH_FAIL,jsmith,131.111.109.52,vpn-gw-01,password,0,0,FAIL,wrong_password
2026-03-16 09:30:27,FGT-01,AUTH_FAIL,agarcia,204.205.41.93,vpn-gw-02,MFA,0,0,FAIL,expired_cert
2026-03-16 08:53:31,FGT-01,AUTH_SUCCESS,agarcia,176.75.129.80,vpn-gw-02,certificate,23930,3015897,SUCCESS,
2026-03-16 20:06:12,FGT-01,AUTH_SUCCESS,agarcia,8.16.84.254,vpn-gw-02,password,16342,4316269,SUCCESS,
2026-03-16 15:51:29,FGT-03,SESSION_END,svc-account,190.202.191.32,vpn-gw-02,password,22454,4747570,SUCCESS,
2026-03-16 15:02:12,FGT-02,AUTH_FAIL,agarcia,153.128.37.123,vpn-gw-01,certificate,0,0,FAIL,expired_cert
2026-03-16 11:53:48,FGT-02,SESSION_START,jsmith,81.229.15.35,vpn-gw-01,password,28354,2431868,SUCCESS,
2026-03-16 04:07:03,FGT-01,SESSION_START,agarcia,69.171.138.43,vpn-gw-01,MFA,20814,2195136,SUCCESS,
2026-03-16 13:23:56,FGT-01,AUTH_FAIL,agarcia,192.129.230.165,vpn-gw-01,password,0,0,FAIL,wrong_password
2026-03-16 08:54:40,FGT-02,AUTH_FAIL,svc-account,7.11.22.196,vpn-gw-02,password,0,0,FAIL,expired_cert
2026-03-16 18:46:12,FGT-01,AUTH_SUCCESS,admin,187.251.238.40,vpn-gw-01,certificate,10497,139978,SUCCESS,
2026-03-16 02:29:26,FGT-02,SESSION_START,admin,158.112.143.186,vpn-gw-01,password,17175,1498071,SUCCESS,
2026-03-16 19:32:13,FGT-03,SESSION_START,jsmith,35.145.106.71,vpn-gw-02,MFA,12745,2660462,SUCCESS,
2026-03-16 16:47:26,FGT-03,AUTH_SUCCESS,agarcia,126.24.68.214,vpn-gw-01,certificate,20304,4709999,SUCCESS,
2026-03-16 09:50:59,FGT-03,AUTH_SUCCESS,svc-account,61.205.22.67,vpn-gw-02,password,15803,4425291,SUCCESS,
2026-03-16 11:07:03,FGT-02,AUTH_FAIL,admin,116.54.77.183,vpn-gw-02,password,0,0,FAIL,wrong_password
2026-03-16 13:35:42,FGT-03,AUTH_SUCCESS,fmartinez,193.30.10.103,vpn-gw-01,password,6052,4342408,SUCCESS,
2026-03-16 04:54:33,FGT-02,AUTH_FAIL,admin,51.8.243.68,vpn-gw-01,certificate,0,0,FAIL,timeout
2026-03-16 10:15:58,FGT-02,AUTH_SUCCESS,jsmith,196.117.63.213,vpn-gw-01,MFA,13154,2469279,SUCCESS,
2026-03-16 13:55:29,FGT-01,AUTH_SUCCESS,agarcia,93.22.149.84,vpn-gw-01,MFA,4608,4703447,SUCCESS,
2026-03-16 19:26:34,FGT-02,AUTH_SUCCESS,agarcia,79.148.47.86,vpn-gw-02,certificate,26908,2324827,SUCCESS,
2026-03-16 13:26:32,FGT-03,AUTH_SUCCESS,jsmith,16.9.92.51,vpn-gw-01,password,6913,1422519,SUCCESS,
2026-03-16 20:04:27,FGT-03,AUTH_SUCCESS,svc-account,31.199.58.204,vpn-gw-01,MFA,19554,4901432,SUCCESS,
2026-03-16 06:59:42,FGT-01,AUTH_FAIL,mlopez,106.202.128.108,vpn-gw-02,MFA,0,0,FAIL,expired_cert
2026-03-16 04:00:51,FGT-03,AUTH_FAIL,agarcia,51.17.47.211,vpn-gw-01,MFA,0,0,FAIL,timeout
2026-03-16 15:51:07,FGT-01,AUTH_FAIL,agarcia,89.44.22.68,vpn-gw-01,MFA,0,0,FAIL,blocked_ip
2026-03-16 14:42:36,FGT-03,SESSION_START,admin,177.127.54.82,vpn-gw-02,password,26288,3567869,SUCCESS,
2026-03-16 00:40:36,FGT-01,SESSION_START,admin,144.206.22.186,vpn-gw-01,password,24747,1678443,SUCCESS,
2026-03-16 18:51:35,FGT-03,SESSION_END,svc-account,119.243.174.116,vpn-gw-02,MFA,175,758498,SUCCESS,
2026-03-16 03:29:42,FGT-02,SESSION_START,jsmith,154.67.133.130,vpn-gw-01,certificate,28146,1269237,SUCCESS,
2026-03-16 04:38:51,FGT-02,AUTH_SUCCESS,admin,217.64.63.166,vpn-gw-01,certificate,8046,1712335,SUCCESS,
2026-03-16 05:02:42,FGT-02,SESSION_START,svc-account,63.198.17.164,vpn-gw-02,password,11450,2037857,SUCCESS,
2026-03-16 04:20:51,FGT-02,AUTH_SUCCESS,agarcia,31.214.206.129,vpn-gw-02,certificate,16629,3223205,SUCCESS,
2026-03-16 00:06:02,FGT-03,SESSION_END,svc-account,208.73.182.155,vpn-gw-01,password,10110,3788406,SUCCESS,
2026-03-16 22:04:47,FGT-02,AUTH_FAIL,jsmith,126.38.97.33,vpn-gw-02,certificate,0,0,FAIL,timeout
2026-03-16 04:07:06,FGT-02,AUTH_SUCCESS,svc-account,165.0.221.99,vpn-gw-01,password,25393,4616048,SUCCESS,
2026-03-16 19:12:01,FGT-03,AUTH_SUCCESS,mlopez,10.26.122.30,vpn-gw-02,MFA,28510,650260,SUCCESS,
2026-03-16 06:47:05,FGT-01,AUTH_SUCCESS,jsmith,194.146.254.140,vpn-gw-02,MFA,2062,354782,SUCCESS,
2026-03-16 17:56:13,FGT-03,AUTH_FAIL,jsmith,164.16.121.184,vpn-gw-02,MFA,0,0,FAIL,expired_cert
2026-03-16 18:27:13,FGT-03,AUTH_FAIL,jsmith,168.168.98.165,vpn-gw-02,password,0,0,FAIL,expired_cert
2026-03-16 10:27:31,FGT-01,AUTH_SUCCESS,fmartinez,171.27.53.61,vpn-gw-01,MFA,17274,4157059,SUCCESS,
2026-03-16 20:29:39,FGT-02,SESSION_END,admin,26.42.93.19,vpn-gw-01,certificate,24732,4012651,SUCCESS,
2026-03-16 09:34:48,FGT-01,SESSION_START,jsmith,171.56.20.247,vpn-gw-01,password,17651,301603,SUCCESS,
2026-03-16 17:30:51,FGT-02,AUTH_SUCCESS,agarcia,147.99.120.169,vpn-gw-01,certificate,4450,2353339,SUCCESS,
2026-03-16 10:16:18,FGT-01,AUTH_SUCCESS,fmartinez,69.199.178.184,vpn-gw-01,password,11738,3929975,SUCCESS,
2026-03-16 17:13:28,FGT-02,SESSION_START,mlopez,32.22.193.183,vpn-gw-01,MFA,27027,1993466,SUCCESS,
2026-03-16 06:38:27,FGT-01,AUTH_SUCCESS,jsmith,206.194.154.98,vpn-gw-02,certificate,13546,3141992,SUCCESS,
2026-03-16 08:43:34,FGT-03,AUTH_SUCCESS,svc-account,186.229.100.232,vpn-gw-01,MFA,28022,4818122,SUCCESS,
2026-03-16 10:03:09,FGT-03,AUTH_SUCCESS,agarcia,98.180.165.3,vpn-gw-01,certificate,27176,2512162,SUCCESS,
2026-03-16 09:01:21,FGT-03,AUTH_FAIL,admin,98.28.80.10,vpn-gw-01,certificate,0,0,FAIL,expired_cert
2026-03-16 07:39:53,FGT-03,AUTH_SUCCESS,agarcia,203.165.42.187,vpn-gw-01,MFA,2011,4773114,SUCCESS,
2026-03-16 03:14:49,FGT-01,AUTH_SUCCESS,svc-account,56.168.31.66,vpn-gw-02,password,10201,2994188,SUCCESS,
2026-03-16 10:41:41,FGT-01,AUTH_SUCCESS,mlopez,115.167.247.140,vpn-gw-01,certificate,20855,193865,SUCCESS,
2026-03-16 23:48:00,FGT-02,SESSION_START,admin,45.189.122.23,vpn-gw-02,MFA,27118,3106612,SUCCESS,
2026-03-16 02:47:02,FGT-01,AUTH_FAIL,jsmith,107.86.33.159,vpn-gw-02,MFA,0,0,FAIL,wrong_password
2026-03-16 06:41:06,FGT-03,AUTH_SUCCESS,fmartinez,15.92.134.45,vpn-gw-01,password,21010,3892792,SUCCESS,
2026-03-16 06:57:52,FGT-02,AUTH_SUCCESS,fmartinez,72.233.103.211,vpn-gw-01,MFA,20646,4367501,SUCCESS,
2026-03-16 20:10:27,FGT-01,SESSION_START,admin,207.140.118.200,vpn-gw-01,password,19425,1905806,SUCCESS,
2026-03-16 17:16:37,FGT-02,SESSION_START,fmartinez,65.174.185.39,vpn-gw-02,MFA,13314,451008,SUCCESS,
2026-03-16 05:58:55,FGT-01,AUTH_FAIL,admin,194.26.229.85,vpn-gw-02,password,0,0,FAIL,timeout
2026-03-16 01:17:48,FGT-03,SESSION_START,agarcia,167.251.82.219,vpn-gw-02,password,26808,232938,SUCCESS,
2026-03-16 22:09:08,FGT-03,AUTH_FAIL,mlopez,9.79.138.68,vpn-gw-02,MFA,0,0,FAIL,wrong_password
2026-03-16 22:57:17,FGT-01,SESSION_END,fmartinez,128.221.214.46,vpn-gw-01,certificate,4390,1565978,SUCCESS,
2026-03-16 12:17:01,FGT-01,SESSION_START,fmartinez,92.14.106.163,vpn-gw-01,password,12944,2792626,SUCCESS,
2026-03-16 13:47:57,FGT-02,AUTH_SUCCESS,jsmith,90.139.29.85,vpn-gw-02,MFA,21365,2132666,SUCCESS,
2026-03-16 09:55:41,FGT-03,SESSION_END,jsmith,38.26.167.57,vpn-gw-02,password,23967,1668191,SUCCESS,
2026-03-16 22:55:33,FGT-01,SESSION_END,svc-account,100.29.226.68,vpn-gw-01,certificate,13279,3732629,SUCCESS,
2026-03-16 22:24:49,FGT-01,AUTH_SUCCESS,fmartinez,71.137.173.179,vpn-gw-01,password,4669,97717,SUCCESS,
2026-03-16 15:20:19,FGT-01,AUTH_SUCCESS,svc-account,221.180.33.166,vpn-gw-01,certificate,4210,159027,SUCCESS,
2026-03-16 06:16:45,FGT-03,SESSION_START,admin,82.4.123.251,vpn-gw-01,password,27310,1561237,SUCCESS,
2026-03-16 21:01:49,FGT-02,AUTH_FAIL,mlopez,166.200.31.112,vpn-gw-02,MFA,0,0,FAIL,expired_cert
2026-03-16 05:05:12,FGT-02,SESSION_END,jsmith,54.57.239.44,vpn-gw-01,MFA,756,497092,SUCCESS,
2026-03-16 22:21:02,FGT-01,AUTH_SUCCESS,svc-account,203.121.77.18,vpn-gw-02,password,10846,2833585,SUCCESS,
2026-03-16 12:58:56,FGT-02,AUTH_SUCCESS,agarcia,177.185.189.42,vpn-gw-02,password,11286,3707433,SUCCESS,
2026-03-16 03:29:33,FGT-02,AUTH_SUCCESS,admin,156.43.14.232,vpn-gw-01,password,13904,4788304,SUCCESS,
2026-03-16 05:09:30,FGT-01,AUTH_FAIL,admin,151.229.3.201,vpn-gw-02,MFA,0,0,FAIL,wrong_password
2026-03-16 06:30:38,FGT-03,AUTH_FAIL,fmartinez,119.34.234.237,vpn-gw-02,password,0,0,FAIL,expired_cert
2026-03-16 13:44:23,FGT-01,AUTH_SUCCESS,jsmith,98.72.81.193,vpn-gw-01,password,11765,658249,SUCCESS,
2026-03-16 11:49:41,FGT-02,SESSION_START,fmartinez,12.176.28.168,vpn-gw-01,MFA,3294,2352062,SUCCESS,
2026-03-16 06:29:30,FGT-02,SESSION_END,admin,97.225.77.104,vpn-gw-02,certificate,23550,2598426,SUCCESS,
2026-03-16 17:21:06,FGT-01,AUTH_SUCCESS,agarcia,130.81.92.251,vpn-gw-02,MFA,14611,2157327,SUCCESS,
2026-03-16 03:12:43,FGT-01,AUTH_SUCCESS,svc-account,46.92.178.156,vpn-gw-01,password,5624,4961663,SUCCESS,
2026-03-16 16:20:53,FGT-03,SESSION_END,svc-account,45.191.180.21,vpn-gw-02,password,7577,4955037,SUCCESS,
2026-03-16 23:13:49,FGT-02,SESSION_START,agarcia,150.145.146.43,vpn-gw-01,password,19985,3909246,SUCCESS,
2026-03-16 13:39:30,FGT-01,SESSION_START,agarcia,188.72.95.28,vpn-gw-02,password,10843,3611833,SUCCESS,
2026-03-16 23:44:01,FGT-01,AUTH_SUCCESS,svc-account,173.252.17.72,vpn-gw-02,MFA,26291,3098545,SUCCESS,
2026-03-16 03:32:52,FGT-03,SESSION_END,fmartinez,45.35.223.17,vpn-gw-01,certificate,25585,2597500,SUCCESS,
2026-03-16 20:48:53,FGT-02,AUTH_SUCCESS,svc-account,220.76.4.162,vpn-gw-01,password,26510,2290450,SUCCESS,
2026-03-16 00:42:24,FGT-02,AUTH_FAIL,svc-account,223.229.208.62,vpn-gw-01,MFA,0,0,FAIL,expired_cert
2026-03-16 13:57:30,FGT-02,SESSION_START,agarcia,193.223.46.242,vpn-gw-01,MFA,4832,1352084,SUCCESS,
2026-03-16 18:41:30,FGT-02,SESSION_START,admin,219.128.58.195,vpn-gw-01,password,16939,4754453,SUCCESS,
2026-03-16 02:57:19,FGT-02,AUTH_SUCCESS,agarcia,169.145.211.185,vpn-gw-01,certificate,12722,3890018,SUCCESS,
2026-03-16 21:02:19,FGT-03,AUTH_SUCCESS,svc-account,179.109.56.196,vpn-gw-02,password,12231,416746,SUCCESS,
2026-03-16 12:52:41,FGT-02,AUTH_SUCCESS,agarcia,144.148.62.65,vpn-gw-01,certificate,6136,586066,SUCCESS,
2026-03-16 11:43:24,FGT-01,SESSION_START,fmartinez,35.144.229.137,vpn-gw-02,password,17654,1281377,SUCCESS,
2026-03-16 18:15:09,FGT-03,SESSION_START,agarcia,139.242.145.174,vpn-gw-01,MFA,6419,4007977,SUCCESS,
2026-03-16 16:55:34,FGT-03,SESSION_END,fmartinez,130.204.163.169,vpn-gw-01,MFA,26956,652435,SUCCESS,
2026-03-16 12:42:10,FGT-03,AUTH_FAIL,admin,3.47.215.155,vpn-gw-02,certificate,0,0,FAIL,blocked_ip
2026-03-16 06:42:03,FGT-03,AUTH_FAIL,jsmith,110.41.8.190,vpn-gw-01,certificate,0,0,FAIL,expired_cert
2026-03-16 06:17:21,FGT-03,SESSION_END,svc-account,160.251.236.27,vpn-gw-02,MFA,4779,3539038,SUCCESS,
2026-03-16 17:40:02,FGT-01,AUTH_SUCCESS,mlopez,213.164.253.76,vpn-gw-02,MFA,27080,4036473,SUCCESS,
2026-03-16 12:33:05,FGT-01,AUTH_SUCCESS,agarcia,206.0.36.202,vpn-gw-02,MFA,17251,233773,SUCCESS,
2026-03-16 00:46:30,FGT-02,SESSION_START,jsmith,62.84.255.228,vpn-gw-02,certificate,24251,3406321,SUCCESS,
2026-03-16 00:59:16,FGT-03,AUTH_SUCCESS,admin,209.127.67.114,vpn-gw-02,MFA,9929,4251106,SUCCESS,
2026-03-16 20:20:07,FGT-02,AUTH_SUCCESS,svc-account,17.87.53.49,vpn-gw-02,password,26135,104450,SUCCESS,
2026-03-16 05:50:24,FGT-01,SESSION_START,admin,65.54.255.127,vpn-gw-02,password,12501,2289468,SUCCESS,
2026-03-16 04:54:44,FGT-01,SESSION_END,fmartinez,78.139.111.123,vpn-gw-01,MFA,20490,3440879,SUCCESS,
2026-03-16 22:21:56,FGT-01,SESSION_END,fmartinez,169.118.216.41,vpn-gw-02,password,21865,3124841,SUCCESS,
2026-03-16 06:03:14,FGT-02,SESSION_END,mlopez,82.78.218.212,vpn-gw-01,certificate,28288,1579138,SUCCESS,
2026-03-16 15:59:23,FGT-02,AUTH_SUCCESS,admin,192.255.101.178,vpn-gw-02,MFA,23922,513108,SUCCESS,
2026-03-16 09:22:15,FGT-02,SESSION_START,admin,74.80.132.15,vpn-gw-01,password,20079,811274,SUCCESS,
2026-03-16 06:33:20,FGT-01,AUTH_SUCCESS,mlopez,24.77.106.212,vpn-gw-02,certificate,11256,1594421,SUCCESS,
2026-03-16 13:17:34,FGT-03,AUTH_SUCCESS,jsmith,62.184.204.241,vpn-gw-02,password,17542,1850891,SUCCESS,
2026-03-16 18:51:25,FGT-01,AUTH_FAIL,agarcia,42.150.121.113,vpn-gw-01,certificate,0,0,FAIL,wrong_password
2026-03-16 04:28:04,FGT-02,SESSION_START,admin,187.185.94.219,vpn-gw-02,certificate,28449,2528131,SUCCESS,
2026-03-16 19:27:59,FGT-02,AUTH_SUCCESS,agarcia,197.185.225.91,vpn-gw-01,password,14887,386932,SUCCESS,
2026-03-16 05:09:56,FGT-03,AUTH_SUCCESS,admin,223.97.240.90,vpn-gw-02,password,28628,2807997,SUCCESS,
2026-03-16 07:10:54,FGT-01,AUTH_SUCCESS,mlopez,43.207.67.12,vpn-gw-01,certificate,5452,2270417,SUCCESS,
2026-03-16 12:47:13,FGT-02,SESSION_END,jsmith,222.160.213.136,vpn-gw-01,MFA,13834,109783,SUCCESS,
2026-03-16 01:48:50,FGT-03,AUTH_SUCCESS,fmartinez,65.117.110.40,vpn-gw-01,MFA,19707,1064098,SUCCESS,
2026-03-16 12:52:43,FGT-02,AUTH_FAIL,admin,92.99.67.221,vpn-gw-01,certificate,0,0,FAIL,blocked_ip
2026-03-16 12:35:21,FGT-01,AUTH_FAIL,agarcia,193.104.57.81,vpn-gw-02,password,0,0,FAIL,expired_cert
2026-03-16 15:00:18,FGT-02,AUTH_SUCCESS,mlopez,189.169.38.37,vpn-gw-01,MFA,22340,1456573,SUCCESS,
2026-03-16 12:04:30,FGT-03,SESSION_END,admin,98.55.36.43,vpn-gw-01,password,14648,3246316,SUCCESS,
2026-03-16 12:51:30,FGT-03,AUTH_SUCCESS,fmartinez,171.162.4.87,vpn-gw-01,password,20907,821102,SUCCESS,
2026-03-16 04:11:56,FGT-02,SESSION_START,jsmith,82.237.32.122,vpn-gw-01,certificate,28209,1655381,SUCCESS,
2026-03-16 14:54:24,FGT-02,SESSION_START,agarcia,5.199.122.167,vpn-gw-01,password,2981,3096070,SUCCESS,
2026-03-16 12:50:10,FGT-03,AUTH_SUCCESS,jsmith,197.180.46.50,vpn-gw-01,password,2538,2327897,SUCCESS,
2026-03-16 12:01:17,FGT-02,AUTH_SUCCESS,svc-account,97.12.222.4,vpn-gw-02,password,17552,3240534,SUCCESS,
2026-03-16 07:16:29,FGT-03,SESSION_START,jsmith,27.43.183.198,vpn-gw-01,password,13994,736495,SUCCESS,
2026-03-16 17:53:31,FGT-03,SESSION_END,svc-account,161.57.119.50,vpn-gw-01,password,2282,2214228,SUCCESS,
2026-03-16 22:07:40,FGT-03,AUTH_SUCCESS,fmartinez,22.110.53.180,vpn-gw-01,password,17356,3352931,SUCCESS,
2026-03-16 06:12:34,FGT-02,AUTH_SUCCESS,mlopez,184.106.180.28,vpn-gw-02,password,6281,4982183,SUCCESS,
2026-03-16 18:00:53,FGT-02,AUTH_SUCCESS,fmartinez,176.42.89.27,vpn-gw-01,certificate,2735,4416424,SUCCESS,
2026-03-16 06:35:09,FGT-01,AUTH_SUCCESS,jsmith,220.142.224.37,vpn-gw-02,password,22286,948574,SUCCESS,
2026-03-16 00:22:41,FGT-02,AUTH_SUCCESS,jsmith,125.10.145.95,vpn-gw-02,certificate,13134,4029395,SUCCESS,
2026-03-16 23:09:53,FGT-02,AUTH_SUCCESS,jsmith,171.80.203.240,vpn-gw-02,MFA,18722,938906,SUCCESS,
2026-03-16 07:34:52,FGT-01,SESSION_START,svc-account,90.219.184.128,vpn-gw-02,MFA,12367,2139984,SUCCESS,
2026-03-16 21:32:02,FGT-01,AUTH_SUCCESS,jsmith,193.41.46.190,vpn-gw-01,MFA,15741,1199828,SUCCESS,
2026-03-16 04:29:38,FGT-01,AUTH_SUCCESS,fmartinez,152.104.31.27,vpn-gw-01,certificate,21762,4695199,SUCCESS,
2026-03-16 09:19:20,FGT-01,AUTH_SUCCESS,svc-account,190.209.202.63,vpn-gw-02,certificate,15672,2236932,SUCCESS,
2026-03-16 20:56:38,FGT-03,AUTH_SUCCESS,svc-account,9.183.63.247,vpn-gw-01,MFA,27608,1137602,SUCCESS,
2026-03-16 08:05:39,FGT-03,AUTH_FAIL,admin,126.109.242.191,vpn-gw-01,certificate,0,0,FAIL,expired_cert
2026-03-16 07:59:02,FGT-02,AUTH_SUCCESS,jsmith,85.97.191.24,vpn-gw-01,password,11156,674464,SUCCESS,
2026-03-16 00:50:44,FGT-03,AUTH_FAIL,jsmith,155.111.117.4,vpn-gw-01,password,0,0,FAIL,blocked_ip
2026-03-16 15:44:18,FGT-02,AUTH_SUCCESS,mlopez,8.110.226.193,vpn-gw-02,MFA,15749,608829,SUCCESS,
2026-03-16 04:58:06,FGT-01,AUTH_SUCCESS,jsmith,105.56.142.231,vpn-gw-01,MFA,23027,1637868,SUCCESS,
2026-03-16 06:00:05,FGT-03,AUTH_SUCCESS,admin,114.68.252.137,vpn-gw-01,MFA,18823,1863749,SUCCESS,
2026-03-16 23:48:18,FGT-03,SESSION_END,svc-account,203.169.152.92,vpn-gw-02,certificate,2847,4514854,SUCCESS,
2026-03-16 21:54:12,FGT-01,SESSION_START,agarcia,9.25.163.129,vpn-gw-02,MFA,15880,2639707,SUCCESS,
2026-03-16 02:10:04,FGT-03,AUTH_SUCCESS,mlopez,163.247.242.244,vpn-gw-01,MFA,26686,1752798,SUCCESS,
2026-03-16 07:02:04,FGT-01,SESSION_START,admin,172.244.174.246,vpn-gw-01,MFA,2157,2424040,SUCCESS,
2026-03-16 18:15:06,FGT-01,AUTH_SUCCESS,svc-account,174.224.97.225,vpn-gw-01,certificate,24247,4792084,SUCCESS,
2026-03-16 08:26:29,FGT-01,AUTH_FAIL,mlopez,46.55.75.218,vpn-gw-02,MFA,0,0,FAIL,blocked_ip
2026-03-16 23:19:57,FGT-03,AUTH_SUCCESS,mlopez,54.210.44.36,vpn-gw-02,MFA,10082,3284329,SUCCESS,
2026-03-16 02:35:14,FGT-02,SESSION_START,fmartinez,117.232.141.108,vpn-gw-02,certificate,10995,419243,SUCCESS,
2026-03-16 00:35:24,FGT-01,SESSION_START,jsmith,125.233.197.136,vpn-gw-02,password,27762,1930485,SUCCESS,
2026-03-16 18:24:53,FGT-03,AUTH_SUCCESS,admin,82.64.119.34,vpn-gw-02,password,60,608409,SUCCESS,
2026-03-16 09:04:49,FGT-01,AUTH_SUCCESS,fmartinez,108.68.71.39,vpn-gw-02,MFA,25189,1569028,SUCCESS,
2026-03-16 20:17:46,FGT-03,AUTH_SUCCESS,fmartinez,7.249.154.61,vpn-gw-02,MFA,20116,3504067,SUCCESS,
2026-03-16 16:51:22,FGT-02,AUTH_SUCCESS,admin,2.154.72.195,vpn-gw-01,MFA,16770,4546667,SUCCESS,
2026-03-16 06:04:58,FGT-03,SESSION_START,mlopez,193.138.98.73,vpn-gw-02,MFA,3828,3255625,SUCCESS,
2026-03-16 05:42:00,FGT-02,AUTH_SUCCESS,svc-account,30.87.83.145,vpn-gw-02,password,11298,2984475,SUCCESS,
2026-03-16 22:03:42,FGT-02,AUTH_FAIL,agarcia,3.159.141.56,vpn-gw-02,password,0,0,FAIL,timeout
2026-03-16 17:41:51,FGT-02,SESSION_END,jsmith,85.136.200.226,vpn-gw-02,MFA,5384,2184127,SUCCESS,
2026-03-16 12:43:26,FGT-01,AUTH_SUCCESS,mlopez,71.7.248.81,vpn-gw-02,password,8633,460559,SUCCESS,
2026-03-16 14:11:44,FGT-03,AUTH_SUCCESS,jsmith,128.40.152.197,vpn-gw-02,password,23318,6594,SUCCESS,
2026-03-16 21:39:53,FGT-03,AUTH_SUCCESS,agarcia,61.206.9.107,vpn-gw-02,password,14073,1068471,SUCCESS,
2026-03-16 13:02:48,FGT-02,SESSION_END,fmartinez,120.99.8.159,vpn-gw-01,MFA,3134,1084024,SUCCESS,
2026-03-16 22:25:20,FGT-01,SESSION_START,svc-account,207.164.212.184,vpn-gw-02,password,12365,1394447,SUCCESS,
2026-03-16 11:45:46,FGT-02,SESSION_START,mlopez,79.68.181.238,vpn-gw-02,certificate,14357,3486402,SUCCESS,
2026-03-16 22:56:27,FGT-02,SESSION_START,jsmith,71.103.56.178,vpn-gw-01,MFA,3743,1587953,SUCCESS,
2026-03-16 02:43:14,FGT-02,AUTH_SUCCESS,svc-account,5.9.68.60,vpn-gw-02,password,3745,2354629,SUCCESS,
2026-03-16 20:45:14,FGT-01,AUTH_SUCCESS,admin,189.102.188.254,vpn-gw-02,password,28595,4865601,SUCCESS,
2026-03-16 16:18:34,FGT-03,AUTH_FAIL,admin,144.212.233.94,vpn-gw-02,certificate,0,0,FAIL,wrong_password
2026-03-16 20:59:09,FGT-01,AUTH_FAIL,fmartinez,125.81.195.250,vpn-gw-01,MFA,0,0,FAIL,wrong_password
2026-03-16 05:52:06,FGT-01,AUTH_SUCCESS,admin,168.45.47.97,vpn-gw-01,password,26144,249332,SUCCESS,
2026-03-16 16:54:57,FGT-01,AUTH_SUCCESS,mlopez,142.153.231.191,vpn-gw-01,MFA,10879,969853,SUCCESS,
2026-03-16 14:23:01,FGT-01,SESSION_START,agarcia,85.45.150.113,vpn-gw-02,password,8199,4882152,SUCCESS,
2026-03-16 15:18:58,FGT-01,AUTH_FAIL,admin,44.90.229.148,vpn-gw-01,certificate,0,0,FAIL,wrong_password
2026-03-16 02:05:43,FGT-01,AUTH_FAIL,mlopez,179.85.161.89,vpn-gw-02,MFA,0,0,FAIL,timeout
2026-03-16 13:18:19,FGT-03,SESSION_START,jsmith,57.244.129.30,vpn-gw-02,password,2818,3467142,SUCCESS,
2026-03-16 00:46:31,FGT-03,SESSION_END,mlopez,126.177.181.185,vpn-gw-02,password,11452,4176666,SUCCESS,
2026-03-16 02:41:17,FGT-01,SESSION_START,fmartinez,217.5.211.118,vpn-gw-01,certificate,6675,32704,SUCCESS,
2026-03-16 01:47:51,FGT-03,SESSION_START,fmartinez,87.122.12.88,vpn-gw-02,MFA,4038,3814919,SUCCESS,
2026-03-16 12:36:27,FGT-01,SESSION_END,admin,30.229.193.190,vpn-gw-01,certificate,27628,2470483,SUCCESS,
2026-03-16 15:15:52,FGT-03,AUTH_SUCCESS,admin,177.59.162.218,vpn-gw-01,MFA,4753,1391673,SUCCESS,
2026-03-16 15:13:28,FGT-02,SESSION_START,jsmith,115.106.86.39,vpn-gw-01,MFA,15409,3546862,SUCCESS,
2026-03-16 22:05:57,FGT-03,SESSION_START,jsmith,171.55.253.228,vpn-gw-02,MFA,3947,3549788,SUCCESS,
2026-03-16 15:15:05,FGT-03,AUTH_SUCCESS,admin,12.209.234.99,vpn-gw-02,certificate,12738,3502567,SUCCESS,
2026-03-16 04:09:42,FGT-03,AUTH_SUCCESS,jsmith,52.170.234.95,vpn-gw-02,MFA,11764,4913574,SUCCESS,
2026-03-16 15:14:31,FGT-03,AUTH_SUCCESS,mlopez,155.71.100.59,vpn-gw-01,MFA,16512,2816330,SUCCESS,
2026-03-16 08:27:15,FGT-03,SESSION_START,jsmith,129.133.204.31,vpn-gw-02,MFA,20876,3385141,SUCCESS,
2026-03-16 18:29:18,FGT-01,AUTH_FAIL,jsmith,27.48.220.77,vpn-gw-02,certificate,0,0,FAIL,expired_cert
2026-03-16 04:36:17,FGT-01,AUTH_SUCCESS,svc-account,208.2.74.202,vpn-gw-01,certificate,27458,4875460,SUCCESS,
2026-03-16 02:30:13,FGT-01,AUTH_SUCCESS,agarcia,37.26.238.96,vpn-gw-02,certificate,7741,3971233,SUCCESS,
2026-03-16 06:05:58,FGT-02,AUTH_SUCCESS,jsmith,149.86.158.188,vpn-gw-01,certificate,28495,4582023,SUCCESS,
2026-03-16 23:07:16,FGT-01,AUTH_FAIL,svc-account,18.9.1.135,vpn-gw-02,certificate,0,0,FAIL,blocked_ip
2026-03-16 04:43:27,FGT-02,AUTH_FAIL,admin,127.35.212.99,vpn-gw-02,certificate,0,0,FAIL,timeout
2026-03-16 18:13:42,FGT-02,SESSION_START,admin,153.254.107.93,vpn-gw-02,MFA,20868,1373627,SUCCESS,
2026-03-16 04:54:43,FGT-01,AUTH_SUCCESS,mlopez,131.194.40.159,vpn-gw-02,certificate,6954,4706443,SUCCESS,
2026-03-16 00:46:41,FGT-02,AUTH_SUCCESS,svc-account,122.66.181.183,vpn-gw-01,password,27604,876896,SUCCESS,
2026-03-16 22:32:35,FGT-03,AUTH_SUCCESS,jsmith,98.194.184.21,vpn-gw-01,MFA,12702,1566500,SUCCESS,
2026-03-16 09:28:21,FGT-03,AUTH_SUCCESS,svc-account,209.80.71.182,vpn-gw-01,certificate,3822,840782,SUCCESS,
2026-03-16 20:06:00,FGT-03,AUTH_SUCCESS,mlopez,26.122.79.126,vpn-gw-01,MFA,18813,3570312,SUCCESS,
2026-03-16 00:50:35,FGT-01,AUTH_FAIL,agarcia,155.217.198.61,vpn-gw-02,certificate,0,0,FAIL,wrong_password
2026-03-16 07:30:20,FGT-02,AUTH_FAIL,svc-account,168.73.175.221,vpn-gw-02,password,0,0,FAIL,timeout
2026-03-16 21:42:11,FGT-03,SESSION_END,fmartinez,15.142.116.75,vpn-gw-01,password,20792,1009894,SUCCESS,
2026-03-16 17:32:51,FGT-02,SESSION_END,jsmith,85.250.240.30,vpn-gw-01,certificate,15685,1312040,SUCCESS,
2026-03-16 19:38:11,FGT-02,SESSION_END,fmartinez,107.40.130.60,vpn-gw-02,MFA,18771,4029105,SUCCESS,
2026-03-16 18:24:37,FGT-01,SESSION_END,mlopez,69.156.207.118,vpn-gw-01,certificate,21159,2498852,SUCCESS,
2026-03-16 04:30:45,FGT-03,AUTH_SUCCESS,admin,121.232.50.211,vpn-gw-01,certificate,18814,2518444,SUCCESS,
2026-03-16 11:11:40,FGT-02,SESSION_END,agarcia,49.86.202.106,vpn-gw-02,MFA,22508,3661975,SUCCESS,
2026-03-16 19:41:20,FGT-01,AUTH_SUCCESS,admin,127.194.245.136,vpn-gw-02,password,18829,4746632,SUCCESS,
2026-03-16 06:43:57,FGT-01,AUTH_FAIL,fmartinez,92.36.247.108,vpn-gw-02,MFA,0,0,FAIL,expired_cert
2026-03-16 14:53:37,FGT-01,AUTH_SUCCESS,jsmith,126.192.113.183,vpn-gw-01,certificate,20676,1886980,SUCCESS,
2026-03-16 04:44:48,FGT-02,SESSION_START,mlopez,191.84.217.81,vpn-gw-01,certificate,15609,1937959,SUCCESS,
2026-03-16 23:41:11,FGT-03,SESSION_END,admin,43.110.29.225,vpn-gw-01,MFA,16744,673342,SUCCESS,
2026-03-16 11:36:57,FGT-03,AUTH_FAIL,fmartinez,83.205.209.193,vpn-gw-01,password,0,0,FAIL,wrong_password
2026-03-16 05:45:58,FGT-01,SESSION_START,fmartinez,126.100.63.76,vpn-gw-01,certificate,13975,736201,SUCCESS,
2026-03-16 07:31:32,FGT-03,AUTH_SUCCESS,mlopez,121.169.249.41,vpn-gw-02,certificate,14874,4100687,SUCCESS,
2026-03-16 05:58:08,FGT-01,AUTH_SUCCESS,jsmith,196.213.54.229,vpn-gw-01,certificate,22911,873616,SUCCESS,
2026-03-16 14:02:48,FGT-02,AUTH_SUCCESS,fmartinez,29.98.132.247,vpn-gw-02,certificate,16559,2435356,SUCCESS,
2026-03-16 20:42:29,FGT-01,SESSION_START,fmartinez,153.168.214.60,vpn-gw-02,certificate,533,3658507,SUCCESS,
2026-03-16 03:50:06,FGT-02,AUTH_SUCCESS,svc-account,32.130.207.240,vpn-gw-01,certificate,12218,3262638,SUCCESS,
2026-03-16 16:39:35,FGT-03,AUTH_SUCCESS,svc-account,196.184.212.89,vpn-gw-01,MFA,25366,1849991,SUCCESS,
2026-03-16 10:48:21,FGT-01,SESSION_START,agarcia,116.221.206.167,vpn-gw-02,MFA,15293,1854154,SUCCESS,
2026-03-16 07:14:38,FGT-02,SESSION_START,svc-account,46.10.232.135,vpn-gw-02,password,9946,3740318,SUCCESS,
2026-03-16 14:48:12,FGT-02,AUTH_SUCCESS,svc-account,45.38.93.36,vpn-gw-01,MFA,13823,1138650,SUCCESS,
2026-03-16 23:30:29,FGT-02,SESSION_START,fmartinez,164.215.17.67,vpn-gw-02,certificate,4098,839841,SUCCESS,
2026-03-16 00:18:41,FGT-03,AUTH_SUCCESS,svc-account,82.150.231.155,vpn-gw-02,password,2935,4804746,SUCCESS,
2026-03-16 05:47:12,FGT-03,SESSION_START,svc-account,178.60.161.136,vpn-gw-01,password,20011,1049718,SUCCESS,
2026-03-16 03:09:20,FGT-02,SESSION_START,mlopez,2.153.9.153,vpn-gw-02,certificate,4150,1556535,SUCCESS,
2026-03-16 19:35:20,FGT-03,AUTH_FAIL,agarcia,77.192.187.245,vpn-gw-01,MFA,0,0,FAIL,blocked_ip
2026-03-16 14:08:17,FGT-01,AUTH_FAIL,agarcia,77.236.138.8,vpn-gw-01,password,0,0,FAIL,timeout
2026-03-16 19:49:17,FGT-03,AUTH_SUCCESS,svc-account,92.36.68.58,vpn-gw-02,password,12622,3840152,SUCCESS,
2026-03-16 05:25:42,FGT-03,SESSION_START,admin,99.127.170.130,vpn-gw-01,password,1223,2800203,SUCCESS,
2026-03-16 20:04:15,FGT-03,AUTH_FAIL,mlopez,105.73.46.173,vpn-gw-01,certificate,0,0,FAIL,timeout
2026-03-16 20:24:54,FGT-01,SESSION_START,agarcia,120.203.163.168,vpn-gw-02,certificate,13072,582676,SUCCESS,
2026-03-16 00:34:40,FGT-03,AUTH_SUCCESS,svc-account,205.210.83.131,vpn-gw-02,password,2360,2883981,SUCCESS,
2026-03-16 12:10:19,FGT-02,AUTH_SUCCESS,svc-account,73.228.199.54,vpn-gw-01,MFA,5507,4361370,SUCCESS,
2026-03-16 11:35:40,FGT-01,SESSION_END,fmartinez,196.21.20.67,vpn-gw-02,password,28638,2179789,SUCCESS,
2026-03-16 20:05:33,FGT-02,SESSION_START,jsmith,176.30.228.76,vpn-gw-01,MFA,8772,2240774,SUCCESS,
2026-03-16 04:44:23,FGT-03,AUTH_SUCCESS,admin,136.64.135.146,vpn-gw-02,password,2601,4954097,SUCCESS,
2026-03-16 16:01:55,FGT-03,AUTH_FAIL,fmartinez,42.98.176.106,vpn-gw-01,password,0,0,FAIL,blocked_ip
2026-03-16 07:32:32,FGT-03,SESSION_START,fmartinez,70.40.166.127,vpn-gw-01,MFA,2747,2248636,SUCCESS,
2026-03-16 11:23:45,FGT-01,AUTH_SUCCESS,svc-account,82.227.244.48,vpn-gw-02,certificate,2109,2927709,SUCCESS,
2026-03-16 22:01:43,FGT-01,SESSION_START,jsmith,5.43.194.94,vpn-gw-01,password,22459,4424514,SUCCESS,
2026-03-16 09:35:33,FGT-03,AUTH_FAIL,mlopez,116.221.10.147,vpn-gw-01,certificate,0,0,FAIL,blocked_ip
2026-03-16 08:15:46,FGT-01,AUTH_SUCCESS,jsmith,72.26.2.85,vpn-gw-01,MFA,6210,4363256,SUCCESS,
2026-03-16 19:55:39,FGT-03,SESSION_START,jsmith,123.17.253.191,vpn-gw-02,password,14285,946936,SUCCESS,
2026-03-16 11:18:34,FGT-01,SESSION_END,agarcia,185.218.250.217,vpn-gw-02,certificate,18298,129042,SUCCESS,
2026-03-16 08:04:37,FGT-02,SESSION_START,svc-account,205.161.234.84,vpn-gw-02,certificate,8217,3080322,SUCCESS,
2026-03-16 09:42:24,FGT-01,AUTH_FAIL,agarcia,218.237.60.189,vpn-gw-02,certificate,0,0,FAIL,blocked_ip
2026-03-16 13:34:55,FGT-01,SESSION_END,fmartinez,164.184.209.167,vpn-gw-02,MFA,24022,4940990,SUCCESS,
2026-03-16 04:22:53,FGT-02,AUTH_FAIL,mlopez,119.39.209.253,vpn-gw-02,password,0,0,FAIL,blocked_ip
2026-03-16 09:37:31,FGT-03,SESSION_START,fmartinez,173.77.98.166,vpn-gw-02,MFA,25863,2928098,SUCCESS,
2026-03-16 14:50:37,FGT-01,AUTH_SUCCESS,jsmith,107.71.47.23,vpn-gw-02,certificate,4983,2581707,SUCCESS,
2026-03-16 17:56:46,FGT-01,AUTH_FAIL,mlopez,86.36.139.208,vpn-gw-02,MFA,0,0,FAIL,blocked_ip
2026-03-16 21:34:55,FGT-01,AUTH_FAIL,jsmith,77.94.162.141,vpn-gw-02,password,0,0,FAIL,wrong_password
2026-03-16 23:41:57,FGT-01,SESSION_START,fmartinez,43.6.185.246,vpn-gw-02,password,20500,1432281,SUCCESS,
2026-03-16 01:42:43,FGT-03,AUTH_FAIL,jsmith,159.129.177.69,vpn-gw-02,certificate,0,0,FAIL,timeout
2026-03-16 06:50:54,FGT-02,AUTH_FAIL,svc-account,26.203.101.13,vpn-gw-01,password,0,0,FAIL,blocked_ip
2026-03-16 22:20:12,FGT-01,AUTH_SUCCESS,jsmith,208.196.225.50,vpn-gw-02,password,27251,4093029,SUCCESS,
2026-03-16 15:36:48,FGT-02,AUTH_SUCCESS,fmartinez,40.46.13.253,vpn-gw-01,MFA,9372,4636726,SUCCESS,
2026-03-16 11:16:17,FGT-02,AUTH_SUCCESS,svc-account,154.172.115.221,vpn-gw-01,MFA,23062,1742019,SUCCESS,
2026-03-16 11:04:17,FGT-03,AUTH_FAIL,jsmith,19.31.63.11,vpn-gw-01,password,0,0,FAIL,blocked_ip
2026-03-16 12:30:28,FGT-01,AUTH_SUCCESS,agarcia,84.37.135.50,vpn-gw-01,MFA,3691,1976353,SUCCESS,
2026-03-16 10:38:39,FGT-02,AUTH_SUCCESS,mlopez,178.195.82.237,vpn-gw-01,password,15376,4092082,SUCCESS,
2026-03-16 15:39:32,FGT-02,AUTH_SUCCESS,svc-account,198.127.205.105,vpn-gw-01,MFA,707,957602,SUCCESS,
2026-03-16 01:41:55,FGT-02,AUTH_SUCCESS,agarcia,39.63.248.114,vpn-gw-01,password,28294,599183,SUCCESS,
2026-03-16 08:03:07,FGT-03,SESSION_START,fmartinez,201.206.158.23,vpn-gw-02,certificate,15048,1908317,SUCCESS,
2026-03-16 10:52:24,FGT-03,AUTH_FAIL,admin,218.158.42.140,vpn-gw-01,MFA,0,0,FAIL,expired_cert
2026-03-16 02:09:54,FGT-01,AUTH_SUCCESS,jsmith,24.66.31.17,vpn-gw-01,MFA,15733,2270246,SUCCESS,
2026-03-16 03:34:25,FGT-01,SESSION_END,mlopez,181.203.94.115,vpn-gw-02,certificate,15302,4340508,SUCCESS,
2026-03-16 21:10:09,FGT-02,SESSION_START,svc-account,8.71.188.54,vpn-gw-02,MFA,1389,961555,SUCCESS,
2026-03-16 04:42:21,FGT-01,SESSION_START,jsmith,132.244.30.100,vpn-gw-02,certificate,15301,1862396,SUCCESS,
2026-03-16 03:44:33,FGT-01,AUTH_FAIL,svc-account,198.224.73.180,vpn-gw-01,certificate,0,0,FAIL,timeout
2026-03-16 20:44:34,FGT-02,AUTH_SUCCESS,mlopez,129.138.221.113,vpn-gw-02,MFA,9326,3281813,SUCCESS,
2026-03-16 18:25:12,FGT-01,AUTH_FAIL,mlopez,46.245.67.207,vpn-gw-01,MFA,0,0,FAIL,blocked_ip
2026-03-16 16:09:58,FGT-03,AUTH_SUCCESS,fmartinez,22.253.90.3,vpn-gw-02,password,17554,439697,SUCCESS,
2026-03-16 16:32:24,FGT-02,SESSION_START,svc-account,103.53.56.234,vpn-gw-02,MFA,16622,1244444,SUCCESS,
2026-03-16 22:41:03,FGT-01,SESSION_START,agarcia,164.209.103.102,vpn-gw-01,MFA,24488,537600,SUCCESS,
2026-03-16 03:47:33,FGT-01,SESSION_END,fmartinez,216.86.4.67,vpn-gw-02,certificate,5073,1698230,SUCCESS,
2026-03-16 20:15:45,FGT-02,AUTH_FAIL,jsmith,187.245.105.143,vpn-gw-01,MFA,0,0,FAIL,expired_cert
2026-03-16 14:35:40,FGT-01,AUTH_FAIL,jsmith,157.196.37.49,vpn-gw-02,certificate,0,0,FAIL,blocked_ip
2026-03-16 01:55:45,FGT-03,SESSION_START,mlopez,120.209.194.34,vpn-gw-01,certificate,23297,3738862,SUCCESS,
2026-03-16 17:45:12,FGT-02,AUTH_SUCCESS,jsmith,171.63.239.40,vpn-gw-01,MFA,17994,4670041,SUCCESS,
2026-03-16 07:26:50,FGT-01,SESSION_START,mlopez,37.233.213.97,vpn-gw-02,password,7875,183721,SUCCESS,
2026-03-16 04:50:03,FGT-03,SESSION_START,admin,157.203.166.4,vpn-gw-01,password,13081,4228562,SUCCESS,
2026-03-16 09:24:42,FGT-02,SESSION_START,fmartinez,72.213.181.218,vpn-gw-01,MFA,17842,2325397,SUCCESS,
2026-03-16 12:26:49,FGT-01,SESSION_START,mlopez,131.251.167.117,vpn-gw-01,password,8597,2335289,SUCCESS,
2026-03-16 11:55:34,FGT-02,AUTH_SUCCESS,agarcia,84.100.227.136,vpn-gw-01,password,22405,4839366,SUCCESS,
2026-03-16 10:50:44,FGT-02,AUTH_SUCCESS,svc-account,117.67.33.202,vpn-gw-01,certificate,12203,2215203,SUCCESS,
2026-03-16 15:13:32,FGT-03,AUTH_SUCCESS,svc-account,25.154.83.61,vpn-gw-01,certificate,22203,2029973,SUCCESS,
2026-03-16 11:45:23,FGT-01,AUTH_SUCCESS,agarcia,86.133.27.164,vpn-gw-02,MFA,13314,3248868,SUCCESS,
2026-03-16 11:17:32,FGT-02,AUTH_SUCCESS,mlopez,194.60.49.34,vpn-gw-02,certificate,3341,3751784,SUCCESS,
2026-03-16 07:25:18,FGT-03,AUTH_SUCCESS,jsmith,185.15.137.236,vpn-gw-01,certificate,9656,2814644,SUCCESS,
2026-03-16 18:55:58,FGT-02,AUTH_FAIL,mlopez,221.140.158.217,vpn-gw-02,MFA,0,0,FAIL,blocked_ip
2026-03-16 09:13:25,FGT-03,AUTH_FAIL,svc-account,78.170.27.109,vpn-gw-01,certificate,0,0,FAIL,expired_cert
2026-03-16 18:31:53,FGT-02,AUTH_FAIL,agarcia,27.82.65.75,vpn-gw-01,certificate,0,0,FAIL,timeout
2026-03-16 22:42:10,FGT-02,SESSION_START,mlopez,140.116.76.213,vpn-gw-02,password,28119,2450404,SUCCESS,
2026-03-16 08:59:23,FGT-01,SESSION_END,jsmith,168.67.30.3,vpn-gw-01,MFA,9973,801801,SUCCESS,
2026-03-16 10:26:16,FGT-02,AUTH_SUCCESS,mlopez,136.157.169.57,vpn-gw-01,password,4496,4609058,SUCCESS,
2026-03-16 20:48:20,FGT-01,AUTH_SUCCESS,agarcia,15.249.195.215,vpn-gw-01,MFA,3373,4156392,SUCCESS,
2026-03-16 20:10:15,FGT-02,AUTH_SUCCESS,fmartinez,134.89.122.248,vpn-gw-02,password,24705,393707,SUCCESS,
2026-03-16 11:30:20,FGT-02,SESSION_END,fmartinez,197.226.151.126,vpn-gw-01,certificate,19477,119845,SUCCESS,
2026-03-16 19:21:16,FGT-01,SESSION_START,fmartinez,171.132.181.83,vpn-gw-02,password,23219,2084386,SUCCESS,
2026-03-16 20:20:03,FGT-02,AUTH_FAIL,jsmith,171.37.69.98,vpn-gw-01,password,0,0,FAIL,wrong_password
2026-03-16 17:20:12,FGT-01,SESSION_START,jsmith,144.94.196.91,vpn-gw-01,MFA,9765,3468458,SUCCESS,
2026-03-16 07:12:58,FGT-03,AUTH_SUCCESS,jsmith,31.89.253.19,vpn-gw-02,certificate,16875,3531318,SUCCESS,
2026-03-16 03:20:12,FGT-02,AUTH_FAIL,jsmith,178.175.136.254,vpn-gw-02,password,0,0,FAIL,blocked_ip
2026-03-16 08:36:21,FGT-01,SESSION_START,mlopez,202.138.22.130,vpn-gw-01,MFA,4309,4384859,SUCCESS,
2026-03-16 15:39:50,FGT-01,AUTH_SUCCESS,jsmith,24.127.2.122,vpn-gw-01,certificate,22881,796218,SUCCESS,
2026-03-16 14:26:37,FGT-03,AUTH_SUCCESS,mlopez,65.195.49.223,vpn-gw-01,MFA,10441,2257215,SUCCESS,
2026-03-16 14:10:31,FGT-03,AUTH_SUCCESS,mlopez,95.141.122.168,vpn-gw-02,MFA,28644,4979163,SUCCESS,
2026-03-16 11:08:55,FGT-03,SESSION_START,agarcia,117.0.223.29,vpn-gw-02,password,11851,146673,SUCCESS,
2026-03-16 18:44:09,FGT-02,AUTH_FAIL,admin,211.161.238.72,vpn-gw-02,password,0,0,FAIL,wrong_password
2026-03-16 20:06:01,FGT-03,SESSION_END,svc-account,120.169.46.92,vpn-gw-02,password,23191,3695619,SUCCESS,
2026-03-16 16:21:21,FGT-03,AUTH_FAIL,fmartinez,22.224.3.110,vpn-gw-02,password,0,0,FAIL,expired_cert
2026-03-16 17:37:29,FGT-01,SESSION_START,mlopez,100.130.219.114,vpn-gw-02,certificate,25772,3541932,SUCCESS,
2026-03-16 12:21:08,FGT-01,SESSION_END,jsmith,145.252.217.35,vpn-gw-02,password,28088,1042431,SUCCESS,
2026-03-16 14:11:19,FGT-03,AUTH_SUCCESS,svc-account,68.127.32.161,vpn-gw-01,MFA,6082,4128652,SUCCESS,
2026-03-16 16:03:28,FGT-02,AUTH_SUCCESS,admin,200.205.247.30,vpn-gw-01,password,26364,3178458,SUCCESS,
2026-03-16 02:32:27,FGT-01,SESSION_START,agarcia,210.61.167.231,vpn-gw-02,certificate,23313,1444376,SUCCESS,
2026-03-16 19:32:49,FGT-01,SESSION_START,jsmith,220.179.190.230,vpn-gw-02,certificate,18061,2164515,SUCCESS,
2026-03-16 22:49:52,FGT-03,SESSION_END,mlopez,4.239.122.252,vpn-gw-02,certificate,16107,18864,SUCCESS,
2026-03-16 10:13:23,FGT-02,SESSION_START,jsmith,110.253.65.50,vpn-gw-02,MFA,7844,3644752,SUCCESS,
2026-03-16 01:12:08,FGT-03,AUTH_SUCCESS,svc-account,158.142.62.222,vpn-gw-02,MFA,6880,1079694,SUCCESS,
2026-03-16 20:01:33,FGT-01,AUTH_SUCCESS,agarcia,56.192.241.85,vpn-gw-01,password,7374,2941094,SUCCESS,
2026-03-16 14:58:20,FGT-01,AUTH_SUCCESS,mlopez,144.208.134.159,vpn-gw-01,certificate,1581,3151087,SUCCESS,
2026-03-16 16:12:18,FGT-01,AUTH_SUCCESS,mlopez,14.213.19.173,vpn-gw-02,password,14667,515115,SUCCESS,
2026-03-16 20:13:43,FGT-02,SESSION_END,jsmith,55.206.217.157,vpn-gw-02,certificate,12679,3117988,SUCCESS,
2026-03-16 08:52:28,FGT-01,SESSION_END,mlopez,186.41.157.221,vpn-gw-01,certificate,27462,3267660,SUCCESS,
2026-03-16 02:37:30,FGT-02,AUTH_FAIL,svc-account,100.244.50.138,vpn-gw-01,password,0,0,FAIL,expired_cert
2026-03-16 22:29:15,FGT-01,SESSION_END,svc-account,127.219.142.210,vpn-gw-02,certificate,1736,1511836,SUCCESS,
2026-03-16 07:00:38,FGT-02,AUTH_FAIL,fmartinez,39.113.192.121,vpn-gw-01,password,0,0,FAIL,expired_cert
2026-03-16 03:51:41,FGT-02,AUTH_SUCCESS,mlopez,97.40.112.133,vpn-gw-02,MFA,20965,1749916,SUCCESS,
2026-03-16 17:08:17,FGT-02,AUTH_SUCCESS,svc-account,215.11.69.241,vpn-gw-02,password,19955,1680758,SUCCESS,
2026-03-16 01:52:15,FGT-01,SESSION_END,agarcia,201.139.91.145,vpn-gw-02,MFA,2130,1162552,SUCCESS,
2026-03-16 09:24:23,FGT-03,SESSION_START,mlopez,60.195.82.156,vpn-gw-01,certificate,659,4640308,SUCCESS,
2026-03-16 09:37:47,FGT-01,SESSION_END,mlopez,74.195.151.49,vpn-gw-01,certificate,7138,1470690,SUCCESS,
2026-03-16 22:00:28,FGT-02,SESSION_START,agarcia,203.7.159.106,vpn-gw-01,MFA,13679,2034496,SUCCESS,
2026-03-16 21:09:00,FGT-03,AUTH_SUCCESS,admin,162.158.137.152,vpn-gw-01,MFA,7513,1113248,SUCCESS,
2026-03-16 17:40:01,FGT-03,AUTH_FAIL,mlopez,179.172.178.75,vpn-gw-02,certificate,0,0,FAIL,blocked_ip
2026-03-16 05:45:04,FGT-02,SESSION_START,agarcia,106.107.236.75,vpn-gw-01,MFA,23126,4238613,SUCCESS,
2026-03-16 21:16:18,FGT-03,AUTH_SUCCESS,svc-account,210.13.122.216,vpn-gw-01,password,16198,2397613,SUCCESS,
2026-03-16 01:51:53,FGT-03,AUTH_SUCCESS,admin,201.157.217.85,vpn-gw-02,password,9695,3615635,SUCCESS,
2026-03-16 09:14:52,FGT-01,AUTH_FAIL,fmartinez,156.74.164.179,vpn-gw-01,certificate,0,0,FAIL,timeout
2026-03-16 08:13:25,FGT-01,SESSION_END,mlopez,40.239.219.53,vpn-gw-02,MFA,20141,3250093,SUCCESS,
2026-03-16 23:17:38,FGT-01,SESSION_START,svc-account,65.17.152.208,vpn-gw-02,MFA,19802,1271882,SUCCESS,
2026-03-16 20:29:48,FGT-03,AUTH_SUCCESS,mlopez,93.208.217.188,vpn-gw-02,certificate,27721,3194734,SUCCESS,
2026-03-16 20:08:29,FGT-01,AUTH_SUCCESS,jsmith,203.177.78.158,vpn-gw-01,certificate,6884,1857651,SUCCESS,
2026-03-16 15:50:00,FGT-01,SESSION_START,jsmith,176.60.103.69,vpn-gw-02,certificate,24239,4077295,SUCCESS,
2026-03-16 14:37:19,FGT-03,AUTH_FAIL,jsmith,28.74.14.242,vpn-gw-01,password,0,0,FAIL,wrong_password
2026-03-16 12:14:26,FGT-02,AUTH_SUCCESS,admin,152.40.27.51,vpn-gw-02,password,4982,2608419,SUCCESS,
2026-03-16 20:25:32,FGT-01,AUTH_FAIL,fmartinez,55.34.0.247,vpn-gw-01,MFA,0,0,FAIL,wrong_password
2026-03-16 11:49:25,FGT-03,AUTH_SUCCESS,svc-account,5.165.106.31,vpn-gw-02,MFA,8618,3309965,SUCCESS,
2026-03-16 15:56:06,FGT-01,AUTH_SUCCESS,mlopez,131.118.176.218,vpn-gw-01,certificate,13128,3550451,SUCCESS,
2026-03-16 20:15:25,FGT-03,SESSION_START,admin,146.43.103.200,vpn-gw-01,MFA,28575,907419,SUCCESS,
2026-03-16 23:26:23,FGT-03,SESSION_END,mlopez,115.223.23.233,vpn-gw-02,certificate,7390,3767667,SUCCESS,
2026-03-16 16:07:29,FGT-03,AUTH_SUCCESS,svc-account,93.144.101.186,vpn-gw-02,certificate,7814,4388575,SUCCESS,
2026-03-16 15:58:52,FGT-01,AUTH_FAIL,jsmith,166.54.79.27,vpn-gw-01,certificate,0,0,FAIL,blocked_ip
2026-03-16 03:05:31,FGT-01,AUTH_SUCCESS,jsmith,107.142.208.119,vpn-gw-01,MFA,28219,2002114,SUCCESS,
2026-03-16 04:03:36,FGT-03,AUTH_SUCCESS,admin,29.12.141.194,vpn-gw-01,certificate,9268,1174683,SUCCESS,
2026-03-16 07:26:22,FGT-02,SESSION_START,agarcia,20.58.13.45,vpn-gw-01,MFA,11709,1080875,SUCCESS,
2026-03-16 10:38:58,FGT-02,AUTH_SUCCESS,admin,78.243.82.162,vpn-gw-01,MFA,18397,1850702,SUCCESS,
2026-03-16 02:13:22,FGT-02,SESSION_END,svc-account,139.131.21.179,vpn-gw-01,certificate,12099,3389644,SUCCESS,
2026-03-16 23:09:33,FGT-03,SESSION_START,agarcia,86.240.158.57,vpn-gw-02,password,24238,1018663,SUCCESS,
2026-03-16 20:50:19,FGT-01,SESSION_START,agarcia,74.234.15.217,vpn-gw-01,MFA,17857,3711864,SUCCESS,
2026-03-16 14:10:23,FGT-03,SESSION_START,mlopez,88.0.111.60,vpn-gw-01,password,7326,3288425,SUCCESS,
2026-03-16 13:26:10,FGT-02,SESSION_END,agarcia,175.93.165.50,vpn-gw-01,certificate,12071,374544,SUCCESS,
2026-03-16 08:33:35,FGT-02,AUTH_SUCCESS,agarcia,218.234.234.77,vpn-gw-01,MFA,13431,1086829,SUCCESS,
2026-03-16 07:44:17,FGT-03,SESSION_END,jsmith,72.100.44.6,vpn-gw-01,password,19730,821305,SUCCESS,
2026-03-16 00:13:58,FGT-01,SESSION_START,agarcia,93.137.4.209,vpn-gw-01,certificate,2900,2409063,SUCCESS,
2026-03-16 20:04:33,FGT-01,SESSION_END,svc-account,155.26.123.16,vpn-gw-01,certificate,10547,1309245,SUCCESS,
2026-03-16 10:54:21,FGT-03,AUTH_SUCCESS,agarcia,70.210.21.226,vpn-gw-02,password,17679,1989167,SUCCESS,
2026-03-16 17:52:03,FGT-01,SESSION_START,fmartinez,165.1.46.144,vpn-gw-01,MFA,27458,4122689,SUCCESS,
2026-03-16 06:46:32,FGT-01,AUTH_FAIL,jsmith,26.218.166.73,vpn-gw-01,password,0,0,FAIL,expired_cert
2026-03-16 15:29:06,FGT-03,AUTH_FAIL,mlopez,111.159.1.75,vpn-gw-01,certificate,0,0,FAIL,timeout
2026-03-16 22:42:44,FGT-03,SESSION_END,svc-account,19.28.38.57,vpn-gw-01,MFA,2929,1446888,SUCCESS,
2026-03-16 05:28:05,FGT-03,AUTH_SUCCESS,agarcia,147.251.26.180,vpn-gw-02,MFA,16071,1894290,SUCCESS,
2026-03-16 07:00:13,FGT-02,AUTH_FAIL,jsmith,220.115.51.87,vpn-gw-02,MFA,0,0,FAIL,expired_cert
2026-03-16 02:53:34,FGT-02,AUTH_SUCCESS,mlopez,108.182.6.148,vpn-gw-02,certificate,15707,4741657,SUCCESS,
2026-03-16 11:04:03,FGT-02,AUTH_SUCCESS,svc-account,174.137.246.14,vpn-gw-01,MFA,7119,4112166,SUCCESS,
2026-03-16 12:17:20,FGT-01,SESSION_START,mlopez,184.130.97.148,vpn-gw-02,MFA,28601,4910716,SUCCESS,
2026-03-16 17:42:33,FGT-01,SESSION_START,admin,133.46.25.129,vpn-gw-01,certificate,12225,659839,SUCCESS,
2026-03-16 10:40:09,FGT-02,AUTH_FAIL,svc-account,45.46.58.114,vpn-gw-01,certificate,0,0,FAIL,timeout
2026-03-16 14:25:30,FGT-01,AUTH_FAIL,jsmith,146.112.45.204,vpn-gw-01,password,0,0,FAIL,timeout
2026-03-16 04:05:00,FGT-01,AUTH_SUCCESS,mlopez,18.200.32.219,vpn-gw-02,certificate,25338,657020,SUCCESS,
2026-03-16 05:11:25,FGT-02,SESSION_END,fmartinez,1.206.95.137,vpn-gw-01,MFA,6727,1859209,SUCCESS,
2026-03-16 15:55:32,FGT-03,AUTH_SUCCESS,svc-account,116.254.135.208,vpn-gw-01,password,28009,2316134,SUCCESS,
2026-03-16 02:19:18,FGT-02,SESSION_START,jsmith,124.69.252.107,vpn-gw-02,certificate,25880,2976995,SUCCESS,
2026-03-16 10:30:30,FGT-02,AUTH_SUCCESS,mlopez,179.42.248.218,vpn-gw-02,password,16546,4951223,SUCCESS,
2026-03-16 16:28:30,FGT-02,AUTH_FAIL,mlopez,36.196.64.251,vpn-gw-02,password,0,0,FAIL,expired_cert
2026-03-16 07:10:17,FGT-03,AUTH_FAIL,svc-account,14.35.134.29,vpn-gw-02,password,0,0,FAIL,timeout
2026-03-16 12:23:08,FGT-01,AUTH_SUCCESS,admin,176.166.91.122,vpn-gw-02,MFA,7650,4692940,SUCCESS,
2026-03-16 23:55:15,FGT-03,SESSION_END,admin,160.113.170.90,vpn-gw-01,password,9853,376679,SUCCESS,
2026-03-16 06:04:17,FGT-01,AUTH_FAIL,svc-account,47.98.226.91,vpn-gw-01,MFA,0,0,FAIL,wrong_password
2026-03-16 02:43:28,FGT-03,SESSION_START,fmartinez,43.188.8.45,vpn-gw-01,certificate,27478,431636,SUCCESS,
2026-03-16 01:18:11,FGT-03,AUTH_FAIL,jsmith,54.29.158.116,vpn-gw-02,certificate,0,0,FAIL,timeout
2026-03-16 08:49:54,FGT-03,SESSION_END,agarcia,63.168.206.246,vpn-gw-01,certificate,18063,3383502,SUCCESS,
2026-03-16 12:18:54,FGT-01,AUTH_SUCCESS,agarcia,156.203.174.154,vpn-gw-02,password,10736,2223162,SUCCESS,
2026-03-16 02:16:23,FGT-03,SESSION_START,jsmith,89.224.50.212,vpn-gw-01,password,16628,4471735,SUCCESS,
2026-03-16 14:15:49,FGT-03,AUTH_SUCCESS,jsmith,140.167.219.48,vpn-gw-02,MFA,10812,2762084,SUCCESS,
2026-03-16 05:18:34,FGT-03,AUTH_SUCCESS,agarcia,56.247.221.221,vpn-gw-01,password,1583,1191591,SUCCESS,
2026-03-16 19:30:35,FGT-01,SESSION_START,fmartinez,36.231.241.135,vpn-gw-02,password,11208,2887573,SUCCESS,
2026-03-16 09:47:48,FGT-03,AUTH_SUCCESS,admin,201.236.128.55,vpn-gw-02,password,9283,1381086,SUCCESS,
2026-03-16 07:31:21,FGT-03,AUTH_SUCCESS,admin,82.96.246.194,vpn-gw-01,certificate,11853,1228375,SUCCESS,
2026-03-16 11:43:39,FGT-03,AUTH_FAIL,mlopez,81.220.173.86,vpn-gw-01,certificate,0,0,FAIL,timeout
2026-03-16 07:01:45,FGT-02,AUTH_FAIL,mlopez,73.224.213.228,vpn-gw-01,certificate,0,0,FAIL,expired_cert
2026-03-16 13:56:16,FGT-01,AUTH_FAIL,agarcia,169.245.104.46,vpn-gw-01,MFA,0,0,FAIL,blocked_ip
2026-03-16 17:12:17,FGT-03,AUTH_FAIL,admin,66.234.218.122,vpn-gw-01,MFA,0,0,FAIL,expired_cert
2026-03-16 23:27:24,FGT-02,AUTH_SUCCESS,mlopez,197.241.233.156,vpn-gw-02,certificate,25706,3818573,SUCCESS,
2026-03-16 22:34:30,FGT-03,SESSION_START,agarcia,12.0.98.223,vpn-gw-01,MFA,26046,1236399,SUCCESS,
2026-03-16 19:09:31,FGT-02,SESSION_START,agarcia,192.71.198.96,vpn-gw-02,password,27385,4741249,SUCCESS,
2026-03-16 02:02:03,FGT-03,SESSION_START,svc-account,128.110.102.220,vpn-gw-01,certificate,10613,508497,SUCCESS,
2026-03-16 23:52:55,FGT-01,AUTH_FAIL,jsmith,158.41.181.53,vpn-gw-02,MFA,0,0,FAIL,timeout
2026-03-16 21:37:15,FGT-03,AUTH_SUCCESS,admin,67.101.220.102,vpn-gw-02,password,4628,4458921,SUCCESS,
2026-03-16 02:35:12,FGT-02,SESSION_START,jsmith,142.200.197.151,vpn-gw-02,certificate,6574,775011,SUCCESS,
2026-03-16 05:29:24,FGT-01,SESSION_END,agarcia,20.5.166.111,vpn-gw-02,password,12173,2180710,SUCCESS,
2026-03-16 05:30:45,FGT-03,SESSION_START,admin,140.178.142.203,vpn-gw-02,password,11250,3640445,SUCCESS,
2026-03-16 10:58:30,FGT-01,AUTH_FAIL,mlopez,128.57.66.158,vpn-gw-01,password,0,0,FAIL,timeout
2026-03-16 15:04:35,FGT-01,SESSION_END,mlopez,151.0.114.83,vpn-gw-02,MFA,24145,427858,SUCCESS,
2026-03-16 06:58:44,FGT-01,AUTH_SUCCESS,mlopez,64.57.102.115,vpn-gw-01,MFA,18590,3355346,SUCCESS,
2026-03-16 18:05:36,FGT-02,SESSION_START,admin,58.58.197.221,vpn-gw-01,password,21741,3474181,SUCCESS,
2026-03-16 04:59:40,FGT-01,AUTH_SUCCESS,mlopez,121.120.232.36,vpn-gw-01,password,7487,4914449,SUCCESS,
2026-03-16 13:25:29,FGT-02,AUTH_SUCCESS,svc-account,213.127.248.183,vpn-gw-01,certificate,27758,3340377,SUCCESS,
2026-03-16 14:55:51,FGT-02,AUTH_SUCCESS,svc-account,17.103.102.212,vpn-gw-01,certificate,9876,1918758,SUCCESS,
2026-03-16 18:43:09,FGT-02,SESSION_START,svc-account,78.218.40.71,vpn-gw-02,certificate,23649,3362320,SUCCESS,
2026-03-16 00:37:15,FGT-02,AUTH_FAIL,admin,155.117.125.42,vpn-gw-01,certificate,0,0,FAIL,blocked_ip
2026-03-16 06:46:02,FGT-01,SESSION_START,admin,44.27.190.252,vpn-gw-02,certificate,8268,3303655,SUCCESS,
2026-03-16 17:39:44,FGT-02,SESSION_START,fmartinez,35.48.9.138,vpn-gw-02,certificate,78,2359086,SUCCESS,
2026-03-16 03:12:29,FGT-03,AUTH_SUCCESS,mlopez,142.53.144.204,vpn-gw-02,certificate,28758,1581825,SUCCESS,
2026-03-16 10:30:59,FGT-02,AUTH_SUCCESS,fmartinez,128.236.127.154,vpn-gw-02,password,16781,4662271,SUCCESS,
2026-03-16 09:33:58,FGT-01,AUTH_SUCCESS,jsmith,79.102.192.203,vpn-gw-02,password,21177,4897211,SUCCESS,
2026-03-16 17:47:52,FGT-02,SESSION_END,jsmith,180.81.215.194,vpn-gw-01,MFA,4530,4398715,SUCCESS,
2026-03-16 19:37:31,FGT-03,AUTH_FAIL,agarcia,108.103.183.139,vpn-gw-02,password,0,0,FAIL,expired_cert
2026-03-16 07:44:20,FGT-01,AUTH_FAIL,fmartinez,177.113.227.196,vpn-gw-01,password,0,0,FAIL,wrong_password
2026-03-16 06:32:30,FGT-02,AUTH_SUCCESS,admin,151.242.231.78,vpn-gw-01,MFA,1530,2131916,SUCCESS,
2026-03-16 20:24:01,FGT-01,SESSION_START,fmartinez,14.85.251.189,vpn-gw-01,MFA,1851,2259772,SUCCESS,
2026-03-16 13:25:12,FGT-01,SESSION_START,mlopez,148.137.241.135,vpn-gw-02,MFA,6742,3656232,SUCCESS,
2026-03-16 22:08:01,FGT-01,AUTH_SUCCESS,svc-account,45.191.211.209,vpn-gw-02,password,15652,3537871,SUCCESS,
2026-03-16 04:10:11,FGT-01,AUTH_SUCCESS,svc-account,153.237.153.12,vpn-gw-01,password,11380,2466578,SUCCESS,
2026-03-16 22:34:29,FGT-02,AUTH_SUCCESS,svc-account,55.86.20.206,vpn-gw-01,certificate,22103,4859638,SUCCESS,
2026-03-16 17:32:10,FGT-03,AUTH_SUCCESS,fmartinez,179.56.29.194,vpn-gw-01,MFA,7134,86129,SUCCESS,
2026-03-16 05:43:59,FGT-03,SESSION_START,mlopez,168.79.176.85,vpn-gw-02,password,5519,395275,SUCCESS,
2026-03-16 13:03:28,FGT-01,AUTH_FAIL,admin,96.56.60.28,vpn-gw-01,certificate,0,0,FAIL,timeout
2026-03-16 04:12:27,FGT-02,SESSION_START,agarcia,168.25.194.244,vpn-gw-01,password,2867,3641534,SUCCESS,
2026-03-16 22:39:26,FGT-03,SESSION_START,admin,105.89.115.94,vpn-gw-01,MFA,5657,2302829,SUCCESS,
2026-03-16 01:17:35,FGT-01,SESSION_START,svc-account,149.73.248.239,vpn-gw-01,certificate,3319,2927935,SUCCESS,
2026-03-16 13:12:38,FGT-03,AUTH_SUCCESS,agarcia,88.109.54.253,vpn-gw-01,MFA,24590,2461704,SUCCESS,
2026-03-16 04:50:50,FGT-03,SESSION_END,jsmith,181.172.196.159,vpn-gw-02,password,3867,2397768,SUCCESS,
2026-03-16 21:01:35,FGT-02,SESSION_START,mlopez,216.87.151.179,vpn-gw-02,MFA,18626,3392213,SUCCESS,
2026-03-16 19:44:42,FGT-01,AUTH_FAIL,agarcia,111.89.147.227,vpn-gw-01,password,0,0,FAIL,wrong_password
2026-03-16 02:27:36,FGT-01,SESSION_END,agarcia,96.234.69.153,vpn-gw-01,certificate,17117,3306216,SUCCESS,
2026-03-16 04:04:47,FGT-01,AUTH_SUCCESS,mlopez,15.58.179.202,vpn-gw-02,MFA,751,4788806,SUCCESS,
2026-03-16 12:12:54,FGT-02,SESSION_END,jsmith,66.241.121.13,vpn-gw-01,certificate,12500,1124378,SUCCESS,
2026-03-16 20:26:28,FGT-01,SESSION_START,svc-account,73.39.95.54,vpn-gw-01,MFA,25478,2121234,SUCCESS,
2026-03-16 09:37:30,FGT-03,SESSION_START,admin,81.209.147.164,vpn-gw-01,MFA,2652,950561,SUCCESS,
2026-03-16 09:44:27,FGT-01,SESSION_START,jsmith,94.140.229.77,vpn-gw-01,password,26676,1899846,SUCCESS,
2026-03-16 16:55:03,FGT-03,AUTH_SUCCESS,admin,72.105.144.199,vpn-gw-02,MFA,9912,4725035,SUCCESS,
2026-03-16 05:31:25,FGT-01,AUTH_SUCCESS,svc-account,56.229.45.27,vpn-gw-01,MFA,13022,1477963,SUCCESS,
2026-03-16 18:43:28,FGT-02,SESSION_START,jsmith,146.43.254.131,vpn-gw-02,certificate,25855,2283549,SUCCESS,
2026-03-16 22:13:41,FGT-02,AUTH_SUCCESS,fmartinez,190.87.195.29,vpn-gw-01,certificate,4723,2246794,SUCCESS,
2026-03-16 17:57:26,FGT-03,AUTH_SUCCESS,svc-account,116.91.226.108,vpn-gw-02,certificate,25905,1581118,SUCCESS,
2026-03-16 11:09:19,FGT-02,AUTH_SUCCESS,mlopez,165.29.95.161,vpn-gw-02,password,22842,1753986,SUCCESS,
2026-03-16 08:50:11,FGT-01,SESSION_START,admin,9.233.55.161,vpn-gw-01,password,24778,3032525,SUCCESS,
2026-03-16 10:10:27,FGT-02,AUTH_SUCCESS,agarcia,61.79.227.225,vpn-gw-01,password,5629,1294879,SUCCESS,
2026-03-16 10:35:25,FGT-02,AUTH_SUCCESS,agarcia,62.79.252.21,vpn-gw-02,certificate,1018,4842748,SUCCESS,
2026-03-16 07:27:52,FGT-03,AUTH_FAIL,fmartinez,58.109.206.67,vpn-gw-02,certificate,0,0,FAIL,expired_cert
2026-03-16 09:23:11,FGT-01,AUTH_SUCCESS,admin,61.4.80.216,vpn-gw-01,password,3465,3142900,SUCCESS,
2026-03-16 18:07:53,FGT-02,AUTH_SUCCESS,admin,48.101.228.43,vpn-gw-02,certificate,16274,4766781,SUCCESS,
2026-03-16 18:22:51,FGT-01,AUTH_FAIL,agarcia,44.186.99.181,vpn-gw-01,password,0,0,FAIL,blocked_ip
2026-03-16 15:53:13,FGT-02,SESSION_END,admin,54.49.109.173,vpn-gw-01,MFA,27108,579175,SUCCESS,
2026-03-16 06:12:08,FGT-01,SESSION_START,svc-account,62.52.201.81,vpn-gw-01,MFA,10802,4613451,SUCCESS,
2026-03-16 02:59:45,FGT-01,SESSION_START,admin,151.168.254.250,vpn-gw-02,MFA,27184,4150700,SUCCESS,
