"hour","action","total"
"2026-02-22T00","ALLOW","99"
"2026-02-22T00","DENY","77"
"2026-02-22T00","RESET","8"
"2026-02-22T01","ALLOW","111"
"2026-02-22T01","DENY","89"
"2026-02-22T01","RESET","13"
"2026-02-22T02","ALLOW","94"
"2026-02-22T02","DENY","86"
"2026-02-22T02","RESET","19"
"2026-02-22T03","ALLOW","111"
"2026-02-22T03","DENY","116"
"2026-02-22T03","RESET","11"
"2026-02-22T04","ALLOW","122"
"2026-02-22T04","DENY","78"
"2026-02-22T04","RESET","9"
"2026-02-22T05","ALLOW","117"
"2026-02-22T05","DENY","87"
"2026-02-22T05","RESET","14"
"2026-02-22T06","ALLOW","103"
"2026-02-22T06","DENY","100"
"2026-02-22T06","RESET","6"
"2026-02-22T07","ALLOW","114"
"2026-02-22T07","DENY","89"
"2026-02-22T07","RESET","13"
"2026-02-22T08","ALLOW","100"
"2026-02-22T08","DENY","108"
"2026-02-22T08","RESET","8"
"2026-02-22T09","ALLOW","96"
"2026-02-22T09","DENY","88"
"2026-02-22T09","RESET","11"
"2026-02-22T10","ALLOW","112"
"2026-02-22T10","DENY","90"
"2026-02-22T10","RESET","10"
"2026-02-22T11","ALLOW","106"
"2026-02-22T11","DENY","97"
"2026-02-22T11","RESET","10"
"2026-02-22T12","ALLOW","107"
"2026-02-22T12","DENY","99"
"2026-02-22T12","RESET","15"
"2026-02-22T13","ALLOW","109"
"2026-02-22T13","DENY","92"
"2026-02-22T13","RESET","6"
"2026-02-22T14","ALLOW","114"
"2026-02-22T14","DENY","112"
"2026-02-22T14","RESET","15"
"2026-02-22T15","ALLOW","85"
"2026-02-22T15","DENY","93"
"2026-02-22T15","RESET","9"
"2026-02-22T16","ALLOW","104"
"2026-02-22T16","DENY","89"
"2026-02-22T16","RESET","9"
"2026-02-22T17","ALLOW","96"
"2026-02-22T17","DENY","111"
"2026-02-22T17","RESET","11"
"2026-02-22T18","ALLOW","113"
"2026-02-22T18","DENY","74"
"2026-02-22T18","RESET","12"
"2026-02-22T19","ALLOW","94"
"2026-02-22T19","DENY","97"
"2026-02-22T19","RESET","6"
"2026-02-22T20","ALLOW","91"
"2026-02-22T20","DENY","105"
"2026-02-22T20","RESET","7"
"2026-02-22T21","ALLOW","106"
"2026-02-22T21","DENY","86"
"2026-02-22T21","RESET","8"
"2026-02-22T22","ALLOW","117"
"2026-02-22T22","DENY","76"
"2026-02-22T22","RESET","7"
"2026-02-22T23","ALLOW","103"
"2026-02-22T23","DENY","87"
"2026-02-22T23","RESET","13"
"2026-02-23T00","ALLOW","110"
"2026-02-23T00","DENY","95"
"2026-02-23T00","RESET","10"
"2026-02-23T01","ALLOW","106"
"2026-02-23T01","DENY","94"
"2026-02-23T01","RESET","8"
"2026-02-23T02","ALLOW","97"
"2026-02-23T02","DENY","106"
"2026-02-23T02","RESET","6"
"2026-02-23T03","ALLOW","101"
"2026-02-23T03","DENY","75"
"2026-02-23T03","RESET","10"
"2026-02-23T04","ALLOW","94"
"2026-02-23T04","DENY","81"
"2026-02-23T04","RESET","8"
"2026-02-23T05","ALLOW","111"
"2026-02-23T05","DENY","104"
"2026-02-23T05","RESET","16"
"2026-02-23T06","ALLOW","90"
"2026-02-23T06","DENY","105"
"2026-02-23T06","RESET","9"
"2026-02-23T07","ALLOW","125"
"2026-02-23T07","DENY","103"
"2026-02-23T07","RESET","15"
"2026-02-23T08","ALLOW","107"
"2026-02-23T08","DENY","101"
"2026-02-23T08","RESET","7"
"2026-02-23T09","ALLOW","112"
"2026-02-23T09","DENY","109"
"2026-02-23T09","RESET","11"
"2026-02-23T10","ALLOW","100"
"2026-02-23T10","DENY","114"
"2026-02-23T10","RESET","10"
"2026-02-23T11","ALLOW","101"
"2026-02-23T11","DENY","97"
"2026-02-23T11","RESET","3"
"2026-02-23T12","ALLOW","96"
"2026-02-23T12","DENY","109"
"2026-02-23T12","RESET","13"
"2026-02-23T13","ALLOW","98"
"2026-02-23T13","DENY","85"
"2026-02-23T13","RESET","7"
"2026-02-23T14","ALLOW","80"
"2026-02-23T14","DENY","97"
"2026-02-23T14","RESET","10"
"2026-02-23T15","ALLOW","122"
"2026-02-23T15","DENY","102"
"2026-02-23T15","RESET","14"
"2026-02-23T16","ALLOW","109"
"2026-02-23T16","DENY","105"
"2026-02-23T16","RESET","12"
"2026-02-23T17","ALLOW","90"
"2026-02-23T17","DENY","83"
"2026-02-23T17","RESET","22"
"2026-02-23T18","ALLOW","106"
"2026-02-23T18","DENY","101"
"2026-02-23T18","RESET","7"
"2026-02-23T19","ALLOW","81"
"2026-02-23T19","DENY","87"
"2026-02-23T19","RESET","15"
"2026-02-23T20","ALLOW","85"
"2026-02-23T20","DENY","72"
"2026-02-23T20","RESET","13"
"2026-02-23T21","ALLOW","100"
"2026-02-23T21","DENY","94"
"2026-02-23T21","RESET","8"
"2026-02-23T22","ALLOW","103"
"2026-02-23T22","DENY","115"
"2026-02-23T22","RESET","12"
"2026-02-23T23","ALLOW","98"
"2026-02-23T23","DENY","89"
"2026-02-23T23","RESET","9"
"2026-02-24T00","ALLOW","100"
"2026-02-24T00","DENY","103"
"2026-02-24T00","RESET","10"
"2026-02-24T01","ALLOW","104"
"2026-02-24T01","DENY","85"
"2026-02-24T01","RESET","11"
"2026-02-24T02","ALLOW","96"
"2026-02-24T02","DENY","100"
"2026-02-24T02","RESET","11"
"2026-02-24T03","ALLOW","82"
"2026-02-24T03","DENY","113"
"2026-02-24T03","RESET","12"
"2026-02-24T04","ALLOW","74"
"2026-02-24T04","DENY","111"
"2026-02-24T04","RESET","11"
"2026-02-24T05","ALLOW","90"
"2026-02-24T05","DENY","90"
"2026-02-24T05","RESET","12"
"2026-02-24T06","ALLOW","104"
"2026-02-24T06","DENY","85"
"2026-02-24T06","RESET","10"
"2026-02-24T07","ALLOW","99"
"2026-02-24T07","DENY","97"
"2026-02-24T07","RESET","10"
"2026-02-24T08","ALLOW","106"
"2026-02-24T08","DENY","109"
"2026-02-24T08","RESET","9"
"2026-02-24T09","ALLOW","87"
"2026-02-24T09","DENY","81"
"2026-02-24T09","RESET","5"
"2026-02-24T10","ALLOW","113"
"2026-02-24T10","DENY","98"
"2026-02-24T10","RESET","12"
"2026-02-24T11","ALLOW","96"
"2026-02-24T11","DENY","88"
"2026-02-24T11","RESET","13"
"2026-02-24T12","ALLOW","97"
"2026-02-24T12","DENY","102"
"2026-02-24T12","RESET","13"
"2026-02-24T13","ALLOW","112"
"2026-02-24T13","DENY","100"
"2026-02-24T13","RESET","11"
"2026-02-24T14","ALLOW","86"
"2026-02-24T14","DENY","114"
"2026-02-24T14","RESET","15"
"2026-02-24T15","ALLOW","107"
"2026-02-24T15","DENY","75"
"2026-02-24T15","RESET","8"
"2026-02-24T16","ALLOW","103"
"2026-02-24T16","DENY","109"
"2026-02-24T16","RESET","9"
"2026-02-24T17","ALLOW","111"
"2026-02-24T17","DENY","89"
"2026-02-24T17","RESET","8"
"2026-02-24T18","ALLOW","99"
"2026-02-24T18","DENY","94"
"2026-02-24T18","RESET","13"
"2026-02-24T19","ALLOW","97"
"2026-02-24T19","DENY","115"
"2026-02-24T19","RESET","14"
"2026-02-24T20","ALLOW","96"
"2026-02-24T20","DENY","104"
"2026-02-24T20","RESET","10"
"2026-02-24T21","ALLOW","113"
"2026-02-24T21","DENY","116"
"2026-02-24T21","RESET","12"
"2026-02-24T22","ALLOW","99"
"2026-02-24T22","DENY","76"
"2026-02-24T22","RESET","8"
"2026-02-24T23","ALLOW","97"
"2026-02-24T23","DENY","117"
"2026-02-24T23","RESET","14"
"2026-02-25T00","ALLOW","102"
"2026-02-25T00","DENY","94"
"2026-02-25T00","RESET","8"
"2026-02-25T01","ALLOW","99"
"2026-02-25T01","DENY","92"
"2026-02-25T01","RESET","5"
"2026-02-25T02","ALLOW","94"
"2026-02-25T02","DENY","102"
"2026-02-25T02","RESET","9"
"2026-02-25T03","ALLOW","113"
"2026-02-25T03","DENY","115"
"2026-02-25T03","RESET","9"
"2026-02-25T04","ALLOW","101"
"2026-02-25T04","DENY","101"
"2026-02-25T04","RESET","7"
"2026-02-25T05","ALLOW","114"
"2026-02-25T05","DENY","84"
"2026-02-25T05","RESET","8"
"2026-02-25T06","ALLOW","92"
"2026-02-25T06","DENY","103"
"2026-02-25T06","RESET","6"
"2026-02-25T07","ALLOW","107"
"2026-02-25T07","DENY","110"
"2026-02-25T07","RESET","12"
"2026-02-25T08","ALLOW","111"
"2026-02-25T08","DENY","93"
"2026-02-25T08","RESET","16"
"2026-02-25T09","ALLOW","115"
"2026-02-25T09","DENY","92"
"2026-02-25T09","RESET","9"
"2026-02-25T10","ALLOW","102"
"2026-02-25T10","DENY","112"
"2026-02-25T10","RESET","13"
"2026-02-25T11","ALLOW","92"
"2026-02-25T11","DENY","110"
"2026-02-25T11","RESET","13"
"2026-02-25T12","ALLOW","94"
"2026-02-25T12","DENY","96"
"2026-02-25T12","RESET","12"
"2026-02-25T13","ALLOW","98"
"2026-02-25T13","DENY","94"
"2026-02-25T13","RESET","11"
"2026-02-25T14","ALLOW","87"
"2026-02-25T14","DENY","89"
"2026-02-25T14","RESET","13"
"2026-02-25T15","ALLOW","100"
"2026-02-25T15","DENY","108"
"2026-02-25T15","RESET","7"
"2026-02-25T16","ALLOW","93"
"2026-02-25T16","DENY","88"
"2026-02-25T16","RESET","13"
"2026-02-25T17","ALLOW","89"
"2026-02-25T17","DENY","105"
"2026-02-25T17","RESET","7"
"2026-02-25T18","ALLOW","111"
"2026-02-25T18","DENY","100"
"2026-02-25T18","RESET","11"
"2026-02-25T19","ALLOW","121"
"2026-02-25T19","DENY","82"
"2026-02-25T19","RESET","7"
"2026-02-25T20","ALLOW","95"
"2026-02-25T20","DENY","70"
"2026-02-25T20","RESET","14"
"2026-02-25T21","ALLOW","102"
"2026-02-25T21","DENY","103"
"2026-02-25T21","RESET","17"
"2026-02-25T22","ALLOW","94"
"2026-02-25T22","DENY","82"
"2026-02-25T22","RESET","10"
"2026-02-25T23","ALLOW","104"
"2026-02-25T23","DENY","96"
"2026-02-25T23","RESET","12"
"2026-02-26T00","ALLOW","97"
"2026-02-26T00","DENY","88"
"2026-02-26T00","RESET","8"
"2026-02-26T01","ALLOW","100"
"2026-02-26T01","DENY","91"
"2026-02-26T01","RESET","8"
"2026-02-26T02","ALLOW","108"
"2026-02-26T02","DENY","108"
"2026-02-26T02","RESET","14"
"2026-02-26T03","ALLOW","106"
"2026-02-26T03","DENY","85"
"2026-02-26T03","RESET","14"
"2026-02-26T04","ALLOW","104"
"2026-02-26T04","DENY","90"
"2026-02-26T04","RESET","5"
"2026-02-26T05","ALLOW","108"
"2026-02-26T05","DENY","97"
"2026-02-26T05","RESET","10"
"2026-02-26T06","ALLOW","83"
"2026-02-26T06","DENY","103"
"2026-02-26T06","RESET","3"
"2026-02-26T07","ALLOW","117"
"2026-02-26T07","DENY","82"
"2026-02-26T07","RESET","7"
"2026-02-26T08","ALLOW","99"
"2026-02-26T08","DENY","118"
"2026-02-26T08","RESET","10"
"2026-02-26T09","ALLOW","110"
"2026-02-26T09","DENY","110"
"2026-02-26T09","RESET","13"
"2026-02-26T10","ALLOW","82"
"2026-02-26T10","DENY","90"
"2026-02-26T10","RESET","18"
"2026-02-26T11","ALLOW","95"
"2026-02-26T11","DENY","95"
"2026-02-26T11","RESET","14"
"2026-02-26T12","ALLOW","105"
"2026-02-26T12","DENY","96"
"2026-02-26T12","RESET","11"
"2026-02-26T13","ALLOW","101"
"2026-02-26T13","DENY","106"
"2026-02-26T13","RESET","8"
"2026-02-26T14","ALLOW","95"
"2026-02-26T14","DENY","88"
"2026-02-26T14","RESET","13"
"2026-02-26T15","ALLOW","91"
"2026-02-26T15","DENY","99"
"2026-02-26T15","RESET","20"
"2026-02-26T16","ALLOW","102"
"2026-02-26T16","DENY","93"
"2026-02-26T16","RESET","14"
"2026-02-26T17","ALLOW","101"
"2026-02-26T17","DENY","96"
"2026-02-26T17","RESET","12"
"2026-02-26T18","ALLOW","106"
"2026-02-26T18","DENY","101"
"2026-02-26T18","RESET","16"
"2026-02-26T19","ALLOW","117"
"2026-02-26T19","DENY","94"
"2026-02-26T19","RESET","13"
"2026-02-26T20","ALLOW","98"
"2026-02-26T20","DENY","108"
"2026-02-26T20","RESET","9"
"2026-02-26T21","ALLOW","104"
"2026-02-26T21","DENY","83"
"2026-02-26T21","RESET","8"
"2026-02-26T22","ALLOW","108"
"2026-02-26T22","DENY","92"
"2026-02-26T22","RESET","7"
"2026-02-26T23","ALLOW","96"
"2026-02-26T23","DENY","86"
"2026-02-26T23","RESET","13"
"2026-02-27T00","ALLOW","104"
"2026-02-27T00","DENY","100"
"2026-02-27T00","RESET","14"
"2026-02-27T01","ALLOW","98"
"2026-02-27T01","DENY","105"
"2026-02-27T01","RESET","15"
"2026-02-27T02","ALLOW","120"
"2026-02-27T02","DENY","95"
"2026-02-27T02","RESET","7"
"2026-02-27T03","ALLOW","85"
"2026-02-27T03","DENY","109"
"2026-02-27T03","RESET","7"
"2026-02-27T04","ALLOW","99"
"2026-02-27T04","DENY","100"
"2026-02-27T04","RESET","8"
"2026-02-27T05","ALLOW","108"
"2026-02-27T05","DENY","85"
"2026-02-27T05","RESET","5"
"2026-02-27T06","ALLOW","108"
"2026-02-27T06","DENY","100"
"2026-02-27T06","RESET","11"
"2026-02-27T07","ALLOW","131"
"2026-02-27T07","DENY","99"
"2026-02-27T07","RESET","11"
"2026-02-27T08","ALLOW","94"
"2026-02-27T08","DENY","104"
"2026-02-27T08","RESET","9"
"2026-02-27T09","ALLOW","96"
"2026-02-27T09","DENY","110"
"2026-02-27T09","RESET","10"
"2026-02-27T10","ALLOW","87"
"2026-02-27T10","DENY","109"
"2026-02-27T10","RESET","10"
"2026-02-27T11","ALLOW","96"
"2026-02-27T11","DENY","73"
"2026-02-27T11","RESET","6"
"2026-02-27T12","ALLOW","97"
"2026-02-27T12","DENY","82"
"2026-02-27T12","RESET","11"
"2026-02-27T13","ALLOW","101"
"2026-02-27T13","DENY","98"
"2026-02-27T13","RESET","9"
"2026-02-27T14","ALLOW","119"
"2026-02-27T14","DENY","117"
"2026-02-27T14","RESET","9"
"2026-02-27T15","ALLOW","98"
"2026-02-27T15","DENY","93"
"2026-02-27T15","RESET","20"
"2026-02-27T16","ALLOW","97"
"2026-02-27T16","DENY","82"
"2026-02-27T16","RESET","11"
"2026-02-27T17","ALLOW","103"
"2026-02-27T17","DENY","94"
"2026-02-27T17","RESET","14"
"2026-02-27T18","ALLOW","84"
"2026-02-27T18","DENY","95"
"2026-02-27T18","RESET","13"
"2026-02-27T19","ALLOW","113"
"2026-02-27T19","DENY","84"
"2026-02-27T19","RESET","11"
"2026-02-27T20","ALLOW","93"
"2026-02-27T20","DENY","88"
"2026-02-27T20","RESET","12"
"2026-02-27T21","ALLOW","98"
"2026-02-27T21","DENY","87"
"2026-02-27T21","RESET","12"
"2026-02-27T22","ALLOW","102"
"2026-02-27T22","DENY","108"
"2026-02-27T22","RESET","12"
"2026-02-27T23","ALLOW","103"
"2026-02-27T23","DENY","95"
"2026-02-27T23","RESET","7"
"2026-02-28T00","ALLOW","95"
"2026-02-28T00","DENY","89"
"2026-02-28T00","RESET","14"
"2026-02-28T01","ALLOW","84"
"2026-02-28T01","DENY","81"
"2026-02-28T01","RESET","11"
"2026-02-28T02","ALLOW","99"
"2026-02-28T02","DENY","112"
"2026-02-28T02","RESET","3"
"2026-02-28T03","ALLOW","105"
"2026-02-28T03","DENY","107"
"2026-02-28T03","RESET","13"
"2026-02-28T04","ALLOW","91"
"2026-02-28T04","DENY","90"
"2026-02-28T04","RESET","13"
"2026-02-28T05","ALLOW","84"
"2026-02-28T05","DENY","85"
"2026-02-28T05","RESET","13"
"2026-02-28T06","ALLOW","105"
"2026-02-28T06","DENY","84"
"2026-02-28T06","RESET","9"
"2026-02-28T07","ALLOW","115"
"2026-02-28T07","DENY","99"
"2026-02-28T07","RESET","9"
"2026-02-28T08","ALLOW","90"
"2026-02-28T08","DENY","90"
"2026-02-28T08","RESET","13"
"2026-02-28T09","ALLOW","114"
"2026-02-28T09","DENY","100"
"2026-02-28T09","RESET","11"
"2026-02-28T10","ALLOW","98"
"2026-02-28T10","DENY","111"
"2026-02-28T10","RESET","10"
"2026-02-28T11","ALLOW","106"
"2026-02-28T11","DENY","115"
"2026-02-28T11","RESET","12"
"2026-02-28T12","ALLOW","107"
"2026-02-28T12","DENY","99"
"2026-02-28T12","RESET","10"
"2026-02-28T13","ALLOW","92"
"2026-02-28T13","DENY","90"
"2026-02-28T13","RESET","6"
"2026-02-28T14","ALLOW","94"
"2026-02-28T14","DENY","101"
"2026-02-28T14","RESET","8"
"2026-02-28T15","ALLOW","86"
"2026-02-28T15","DENY","97"
"2026-02-28T15","RESET","10"
"2026-02-28T16","ALLOW","98"
"2026-02-28T16","DENY","94"
"2026-02-28T16","RESET","13"
"2026-02-28T17","ALLOW","102"
"2026-02-28T17","DENY","97"
"2026-02-28T17","RESET","8"
"2026-02-28T18","ALLOW","115"
"2026-02-28T18","DENY","97"
"2026-02-28T18","RESET","17"
"2026-02-28T19","ALLOW","94"
"2026-02-28T19","DENY","118"
"2026-02-28T19","RESET","15"
"2026-02-28T20","ALLOW","91"
"2026-02-28T20","DENY","94"
"2026-02-28T20","RESET","8"
"2026-02-28T21","ALLOW","105"
"2026-02-28T21","DENY","104"
"2026-02-28T21","RESET","14"
"2026-02-28T22","ALLOW","107"
"2026-02-28T22","DENY","93"
"2026-02-28T22","RESET","9"
"2026-02-28T23","ALLOW","96"
"2026-02-28T23","DENY","121"
"2026-02-28T23","RESET","10"
"2026-03-01T00","ALLOW","100"
"2026-03-01T00","DENY","83"
"2026-03-01T00","RESET","19"
"2026-03-01T01","ALLOW","97"
"2026-03-01T01","DENY","93"
"2026-03-01T01","RESET","9"
"2026-03-01T02","ALLOW","105"
"2026-03-01T02","DENY","92"
"2026-03-01T02","RESET","11"
"2026-03-01T03","ALLOW","103"
"2026-03-01T03","DENY","91"
"2026-03-01T03","RESET","8"
"2026-03-01T04","ALLOW","89"
"2026-03-01T04","DENY","103"
"2026-03-01T04","RESET","11"
"2026-03-01T05","ALLOW","101"
"2026-03-01T05","DENY","88"
"2026-03-01T05","RESET","10"
"2026-03-01T06","ALLOW","109"
"2026-03-01T06","DENY","96"
"2026-03-01T06","RESET","16"
"2026-03-01T07","ALLOW","103"
"2026-03-01T07","DENY","97"
"2026-03-01T07","RESET","9"
"2026-03-01T08","ALLOW","87"
"2026-03-01T08","DENY","99"
"2026-03-01T08","RESET","7"
"2026-03-01T09","ALLOW","112"
"2026-03-01T09","DENY","80"
"2026-03-01T09","RESET","10"
"2026-03-01T10","ALLOW","94"
"2026-03-01T10","DENY","96"
"2026-03-01T10","RESET","9"
"2026-03-01T11","ALLOW","92"
"2026-03-01T11","DENY","94"
"2026-03-01T11","RESET","7"
"2026-03-01T12","ALLOW","97"
"2026-03-01T12","DENY","94"
"2026-03-01T12","RESET","9"
"2026-03-01T13","ALLOW","110"
"2026-03-01T13","DENY","97"
"2026-03-01T13","RESET","7"
"2026-03-01T14","ALLOW","120"
"2026-03-01T14","DENY","102"
"2026-03-01T14","RESET","14"
"2026-03-01T15","ALLOW","117"
"2026-03-01T15","DENY","99"
"2026-03-01T15","RESET","15"
"2026-03-01T16","ALLOW","110"
"2026-03-01T16","DENY","96"
"2026-03-01T16","RESET","6"
"2026-03-01T17","ALLOW","103"
"2026-03-01T17","DENY","104"
"2026-03-01T17","RESET","5"
"2026-03-01T18","ALLOW","116"
"2026-03-01T18","DENY","92"
"2026-03-01T18","RESET","6"
"2026-03-01T19","ALLOW","106"
"2026-03-01T19","DENY","96"
"2026-03-01T19","RESET","7"
"2026-03-01T20","ALLOW","104"
"2026-03-01T20","DENY","100"
"2026-03-01T20","RESET","13"
"2026-03-01T21","ALLOW","102"
"2026-03-01T21","DENY","114"
"2026-03-01T21","RESET","5"
"2026-03-01T22","ALLOW","104"
"2026-03-01T22","DENY","80"
"2026-03-01T22","RESET","5"
"2026-03-01T23","ALLOW","101"
"2026-03-01T23","DENY","104"
"2026-03-01T23","RESET","10"
"2026-03-02T00","ALLOW","103"
"2026-03-02T00","DENY","88"
"2026-03-02T00","RESET","9"
"2026-03-02T01","ALLOW","99"
"2026-03-02T01","DENY","99"
"2026-03-02T01","RESET","12"
"2026-03-02T02","ALLOW","115"
"2026-03-02T02","DENY","100"
"2026-03-02T02","RESET","9"
"2026-03-02T03","ALLOW","92"
"2026-03-02T03","DENY","97"
"2026-03-02T03","RESET","18"
"2026-03-02T04","ALLOW","89"
"2026-03-02T04","DENY","106"
"2026-03-02T04","RESET","13"
"2026-03-02T05","ALLOW","98"
"2026-03-02T05","DENY","101"
"2026-03-02T05","RESET","7"
"2026-03-02T06","ALLOW","112"
"2026-03-02T06","DENY","104"
"2026-03-02T06","RESET","18"
"2026-03-02T07","ALLOW","121"
"2026-03-02T07","DENY","86"
"2026-03-02T07","RESET","13"
"2026-03-02T08","ALLOW","114"
"2026-03-02T08","DENY","101"
"2026-03-02T08","RESET","8"
"2026-03-02T09","ALLOW","109"
"2026-03-02T09","DENY","95"
"2026-03-02T09","RESET","11"
"2026-03-02T10","ALLOW","98"
"2026-03-02T10","DENY","94"
"2026-03-02T10","RESET","11"
"2026-03-02T11","ALLOW","102"
"2026-03-02T11","DENY","92"
"2026-03-02T11","RESET","9"
"2026-03-02T12","ALLOW","88"
"2026-03-02T12","DENY","105"
"2026-03-02T12","RESET","9"
"2026-03-02T13","ALLOW","91"
"2026-03-02T13","DENY","93"
"2026-03-02T13","RESET","8"
"2026-03-02T14","ALLOW","85"
"2026-03-02T14","DENY","86"
"2026-03-02T14","RESET","5"
"2026-03-02T15","ALLOW","93"
"2026-03-02T15","DENY","90"
"2026-03-02T15","RESET","11"
"2026-03-02T16","ALLOW","108"
"2026-03-02T16","DENY","105"
"2026-03-02T16","RESET","8"
"2026-03-02T17","ALLOW","103"
"2026-03-02T17","DENY","111"
"2026-03-02T17","RESET","11"
"2026-03-02T18","ALLOW","97"
"2026-03-02T18","DENY","91"
"2026-03-02T18","RESET","16"
"2026-03-02T19","ALLOW","101"
"2026-03-02T19","DENY","95"
"2026-03-02T19","RESET","8"
"2026-03-02T20","ALLOW","98"
"2026-03-02T20","DENY","95"
"2026-03-02T20","RESET","15"
"2026-03-02T21","ALLOW","86"
"2026-03-02T21","DENY","84"
"2026-03-02T21","RESET","7"
"2026-03-02T22","ALLOW","119"
"2026-03-02T22","DENY","97"
"2026-03-02T22","RESET","20"
"2026-03-02T23","ALLOW","100"
"2026-03-02T23","DENY","101"
"2026-03-02T23","RESET","7"
"2026-03-03T00","ALLOW","105"
"2026-03-03T00","DENY","87"
"2026-03-03T00","RESET","6"
"2026-03-03T01","ALLOW","101"
"2026-03-03T01","DENY","131"
"2026-03-03T01","RESET","10"
"2026-03-03T02","ALLOW","97"
"2026-03-03T02","DENY","90"
"2026-03-03T02","RESET","9"
"2026-03-03T03","ALLOW","106"
"2026-03-03T03","DENY","102"
"2026-03-03T03","RESET","12"
"2026-03-03T04","ALLOW","127"
"2026-03-03T04","DENY","96"
"2026-03-03T04","RESET","6"
"2026-03-03T05","ALLOW","90"
"2026-03-03T05","DENY","96"
"2026-03-03T05","RESET","10"
"2026-03-03T06","ALLOW","82"
"2026-03-03T06","DENY","96"
"2026-03-03T06","RESET","9"
"2026-03-03T07","ALLOW","111"
"2026-03-03T07","DENY","111"
"2026-03-03T07","RESET","13"
"2026-03-03T08","ALLOW","93"
"2026-03-03T08","DENY","101"
"2026-03-03T08","RESET","7"
"2026-03-03T09","ALLOW","98"
"2026-03-03T09","DENY","111"
"2026-03-03T09","RESET","8"
"2026-03-03T10","ALLOW","87"
"2026-03-03T10","DENY","89"
"2026-03-03T10","RESET","11"
"2026-03-03T11","ALLOW","94"
"2026-03-03T11","DENY","91"
"2026-03-03T11","RESET","11"
"2026-03-03T12","ALLOW","96"
"2026-03-03T12","DENY","87"
"2026-03-03T12","RESET","17"
"2026-03-03T13","ALLOW","111"
"2026-03-03T13","DENY","91"
"2026-03-03T13","RESET","12"
"2026-03-03T14","ALLOW","103"
"2026-03-03T14","DENY","105"
"2026-03-03T14","RESET","15"
"2026-03-03T15","ALLOW","116"
"2026-03-03T15","DENY","92"
"2026-03-03T15","RESET","13"
"2026-03-03T16","ALLOW","98"
"2026-03-03T16","DENY","90"
"2026-03-03T16","RESET","8"
"2026-03-03T17","ALLOW","113"
"2026-03-03T17","DENY","89"
"2026-03-03T17","RESET","14"
"2026-03-03T18","ALLOW","95"
"2026-03-03T18","DENY","98"
"2026-03-03T18","RESET","15"
"2026-03-03T19","ALLOW","128"
"2026-03-03T19","DENY","91"
"2026-03-03T19","RESET","13"
"2026-03-03T20","ALLOW","85"
"2026-03-03T20","DENY","101"
"2026-03-03T20","RESET","6"
"2026-03-03T21","ALLOW","98"
"2026-03-03T21","DENY","97"
"2026-03-03T21","RESET","9"
"2026-03-03T22","ALLOW","91"
"2026-03-03T22","DENY","91"
"2026-03-03T22","RESET","13"
"2026-03-03T23","ALLOW","105"
"2026-03-03T23","DENY","82"
"2026-03-03T23","RESET","8"
"2026-03-04T00","ALLOW","108"
"2026-03-04T00","DENY","93"
"2026-03-04T00","RESET","10"
"2026-03-04T01","ALLOW","107"
"2026-03-04T01","DENY","90"
"2026-03-04T01","RESET","7"
"2026-03-04T02","ALLOW","95"
"2026-03-04T02","DENY","109"
"2026-03-04T02","RESET","11"
"2026-03-04T03","ALLOW","119"
"2026-03-04T03","DENY","96"
"2026-03-04T03","RESET","10"
"2026-03-04T04","ALLOW","100"
"2026-03-04T04","DENY","79"
"2026-03-04T04","RESET","14"
"2026-03-04T05","ALLOW","101"
"2026-03-04T05","DENY","96"
"2026-03-04T05","RESET","11"
"2026-03-04T06","ALLOW","119"
"2026-03-04T06","DENY","97"
"2026-03-04T06","RESET","9"
"2026-03-04T07","ALLOW","106"
"2026-03-04T07","DENY","77"
"2026-03-04T07","RESET","5"
"2026-03-04T08","ALLOW","115"
"2026-03-04T08","DENY","81"
"2026-03-04T08","RESET","11"
"2026-03-04T09","ALLOW","107"
"2026-03-04T09","DENY","115"
"2026-03-04T09","RESET","11"
"2026-03-04T10","ALLOW","92"
"2026-03-04T10","DENY","84"
"2026-03-04T10","RESET","8"
"2026-03-04T11","ALLOW","109"
"2026-03-04T11","DENY","88"
"2026-03-04T11","RESET","9"
"2026-03-04T12","ALLOW","112"
"2026-03-04T12","DENY","105"
"2026-03-04T12","RESET","10"
"2026-03-04T13","ALLOW","110"
"2026-03-04T13","DENY","102"
"2026-03-04T13","RESET","16"
"2026-03-04T14","ALLOW","101"
"2026-03-04T14","DENY","99"
"2026-03-04T14","RESET","7"
"2026-03-04T15","ALLOW","107"
"2026-03-04T15","DENY","97"
"2026-03-04T15","RESET","9"
"2026-03-04T16","ALLOW","103"
"2026-03-04T16","DENY","105"
"2026-03-04T16","RESET","16"
"2026-03-04T17","ALLOW","91"
"2026-03-04T17","DENY","90"
"2026-03-04T17","RESET","14"
"2026-03-04T18","ALLOW","90"
"2026-03-04T18","DENY","88"
"2026-03-04T18","RESET","11"
"2026-03-04T19","ALLOW","99"
"2026-03-04T19","DENY","95"
"2026-03-04T19","RESET","9"
"2026-03-04T20","ALLOW","105"
"2026-03-04T20","DENY","89"
"2026-03-04T20","RESET","11"
"2026-03-04T21","ALLOW","94"
"2026-03-04T21","DENY","99"
"2026-03-04T21","RESET","11"
"2026-03-04T22","ALLOW","91"
"2026-03-04T22","DENY","107"
"2026-03-04T22","RESET","8"
"2026-03-04T23","ALLOW","98"
"2026-03-04T23","DENY","93"
"2026-03-04T23","RESET","9"
"2026-03-05T00","ALLOW","101"
"2026-03-05T00","DENY","84"
"2026-03-05T00","RESET","14"
"2026-03-05T01","ALLOW","93"
"2026-03-05T01","DENY","108"
"2026-03-05T01","RESET","11"
"2026-03-05T02","ALLOW","113"
"2026-03-05T02","DENY","117"
"2026-03-05T02","RESET","14"
"2026-03-05T03","ALLOW","106"
"2026-03-05T03","DENY","88"
"2026-03-05T03","RESET","11"
"2026-03-05T04","ALLOW","99"
"2026-03-05T04","DENY","103"
"2026-03-05T04","RESET","5"
"2026-03-05T05","ALLOW","103"
"2026-03-05T05","DENY","108"
"2026-03-05T05","RESET","10"
"2026-03-05T06","ALLOW","105"
"2026-03-05T06","DENY","90"
"2026-03-05T06","RESET","19"
"2026-03-05T07","ALLOW","108"
"2026-03-05T07","DENY","85"
"2026-03-05T07","RESET","10"
"2026-03-05T08","ALLOW","92"
"2026-03-05T08","DENY","98"
"2026-03-05T08","RESET","10"
"2026-03-05T09","ALLOW","108"
"2026-03-05T09","DENY","82"
"2026-03-05T09","RESET","9"
"2026-03-05T10","ALLOW","101"
"2026-03-05T10","DENY","82"
"2026-03-05T10","RESET","13"
"2026-03-05T11","ALLOW","97"
"2026-03-05T11","DENY","75"
"2026-03-05T11","RESET","10"
"2026-03-05T12","ALLOW","113"
"2026-03-05T12","DENY","81"
"2026-03-05T12","RESET","8"
"2026-03-05T13","ALLOW","98"
"2026-03-05T13","DENY","93"
"2026-03-05T13","RESET","10"
"2026-03-05T14","ALLOW","111"
"2026-03-05T14","DENY","103"
"2026-03-05T14","RESET","12"
"2026-03-05T15","ALLOW","94"
"2026-03-05T15","DENY","86"
"2026-03-05T15","RESET","8"
"2026-03-05T16","ALLOW","98"
"2026-03-05T16","DENY","102"
"2026-03-05T16","RESET","6"
"2026-03-05T17","ALLOW","93"
"2026-03-05T17","DENY","104"
"2026-03-05T17","RESET","10"
"2026-03-05T18","ALLOW","99"
"2026-03-05T18","DENY","105"
"2026-03-05T18","RESET","12"
"2026-03-05T19","ALLOW","102"
"2026-03-05T19","DENY","93"
"2026-03-05T19","RESET","13"
"2026-03-05T20","ALLOW","101"
"2026-03-05T20","DENY","94"
"2026-03-05T20","RESET","13"
"2026-03-05T21","ALLOW","111"
"2026-03-05T21","DENY","95"
"2026-03-05T21","RESET","7"
"2026-03-05T22","ALLOW","112"
"2026-03-05T22","DENY","94"
"2026-03-05T22","RESET","6"
"2026-03-05T23","ALLOW","100"
"2026-03-05T23","DENY","114"
"2026-03-05T23","RESET","17"
"2026-03-06T00","ALLOW","94"
"2026-03-06T00","DENY","103"
"2026-03-06T00","RESET","11"
"2026-03-06T01","ALLOW","120"
"2026-03-06T01","DENY","100"
"2026-03-06T01","RESET","11"
"2026-03-06T02","ALLOW","104"
"2026-03-06T02","DENY","80"
"2026-03-06T02","RESET","7"
"2026-03-06T03","ALLOW","102"
"2026-03-06T03","DENY","96"
"2026-03-06T03","RESET","14"
"2026-03-06T04","ALLOW","102"
"2026-03-06T04","DENY","92"
"2026-03-06T04","RESET","10"
"2026-03-06T05","ALLOW","82"
"2026-03-06T05","DENY","96"
"2026-03-06T05","RESET","11"
"2026-03-06T06","ALLOW","97"
"2026-03-06T06","DENY","98"
"2026-03-06T06","RESET","10"
"2026-03-06T07","ALLOW","88"
"2026-03-06T07","DENY","83"
"2026-03-06T07","RESET","8"
"2026-03-06T08","ALLOW","89"
"2026-03-06T08","DENY","104"
"2026-03-06T08","RESET","8"
"2026-03-06T09","ALLOW","105"
"2026-03-06T09","DENY","114"
"2026-03-06T09","RESET","7"
"2026-03-06T10","ALLOW","120"
"2026-03-06T10","DENY","93"
"2026-03-06T10","RESET","10"
"2026-03-06T11","ALLOW","118"
"2026-03-06T11","DENY","99"
"2026-03-06T11","RESET","12"
"2026-03-06T12","ALLOW","113"
"2026-03-06T12","DENY","88"
"2026-03-06T12","RESET","14"
"2026-03-06T13","ALLOW","89"
"2026-03-06T13","DENY","92"
"2026-03-06T13","RESET","8"
"2026-03-06T14","ALLOW","105"
"2026-03-06T14","DENY","85"
"2026-03-06T14","RESET","14"
"2026-03-06T15","ALLOW","105"
"2026-03-06T15","DENY","93"
"2026-03-06T15","RESET","13"
"2026-03-06T16","ALLOW","113"
"2026-03-06T16","DENY","110"
"2026-03-06T16","RESET","9"
"2026-03-06T17","ALLOW","93"
"2026-03-06T17","DENY","102"
"2026-03-06T17","RESET","10"
"2026-03-06T18","ALLOW","101"
"2026-03-06T18","DENY","101"
"2026-03-06T18","RESET","8"
"2026-03-06T19","ALLOW","102"
"2026-03-06T19","DENY","97"
"2026-03-06T19","RESET","13"
"2026-03-06T20","ALLOW","91"
"2026-03-06T20","DENY","94"
"2026-03-06T20","RESET","11"
"2026-03-06T21","ALLOW","103"
"2026-03-06T21","DENY","83"
"2026-03-06T21","RESET","12"
"2026-03-06T22","ALLOW","104"
"2026-03-06T22","DENY","81"
"2026-03-06T22","RESET","9"
"2026-03-06T23","ALLOW","127"
"2026-03-06T23","DENY","96"
"2026-03-06T23","RESET","13"
"2026-03-07T00","ALLOW","107"
"2026-03-07T00","DENY","94"
"2026-03-07T00","RESET","7"
"2026-03-07T01","ALLOW","119"
"2026-03-07T01","DENY","89"
"2026-03-07T01","RESET","10"
"2026-03-07T02","ALLOW","108"
"2026-03-07T02","DENY","86"
"2026-03-07T02","RESET","8"
"2026-03-07T03","ALLOW","102"
"2026-03-07T03","DENY","94"
"2026-03-07T03","RESET","13"
"2026-03-07T04","ALLOW","94"
"2026-03-07T04","DENY","106"
"2026-03-07T04","RESET","12"
"2026-03-07T05","ALLOW","75"
"2026-03-07T05","DENY","106"
"2026-03-07T05","RESET","13"
"2026-03-07T06","ALLOW","106"
"2026-03-07T06","DENY","102"
"2026-03-07T06","RESET","10"
"2026-03-07T07","ALLOW","84"
"2026-03-07T07","DENY","104"
"2026-03-07T07","RESET","10"
"2026-03-07T08","ALLOW","111"
"2026-03-07T08","DENY","104"
"2026-03-07T08","RESET","14"
"2026-03-07T09","ALLOW","113"
"2026-03-07T09","DENY","88"
"2026-03-07T09","RESET","10"
"2026-03-07T10","ALLOW","105"
"2026-03-07T10","DENY","103"
"2026-03-07T10","RESET","15"
"2026-03-07T11","ALLOW","88"
"2026-03-07T11","DENY","94"
"2026-03-07T11","RESET","15"
"2026-03-07T12","ALLOW","97"
"2026-03-07T12","DENY","88"
"2026-03-07T12","RESET","7"
"2026-03-07T13","ALLOW","120"
"2026-03-07T13","DENY","101"
"2026-03-07T13","RESET","8"
"2026-03-07T14","ALLOW","91"
"2026-03-07T14","DENY","101"
"2026-03-07T14","RESET","9"
"2026-03-07T15","ALLOW","101"
"2026-03-07T15","DENY","94"
"2026-03-07T15","RESET","9"
"2026-03-07T16","ALLOW","96"
"2026-03-07T16","DENY","95"
"2026-03-07T16","RESET","14"
"2026-03-07T17","ALLOW","110"
"2026-03-07T17","DENY","91"
"2026-03-07T17","RESET","13"
"2026-03-07T18","ALLOW","95"
"2026-03-07T18","DENY","104"
"2026-03-07T18","RESET","12"
"2026-03-07T19","ALLOW","94"
"2026-03-07T19","DENY","112"
"2026-03-07T19","RESET","10"
"2026-03-07T20","ALLOW","99"
"2026-03-07T20","DENY","79"
"2026-03-07T20","RESET","6"
"2026-03-07T21","ALLOW","103"
"2026-03-07T21","DENY","92"
"2026-03-07T21","RESET","7"
"2026-03-07T22","ALLOW","92"
"2026-03-07T22","DENY","105"
"2026-03-07T22","RESET","14"
"2026-03-07T23","ALLOW","102"
"2026-03-07T23","DENY","97"
"2026-03-07T23","RESET","13"
"2026-03-08T00","ALLOW","106"
"2026-03-08T00","DENY","90"
"2026-03-08T00","RESET","13"
"2026-03-08T01","ALLOW","91"
"2026-03-08T01","DENY","85"
"2026-03-08T01","RESET","9"
"2026-03-08T02","ALLOW","90"
"2026-03-08T02","DENY","104"
"2026-03-08T02","RESET","13"
"2026-03-08T03","ALLOW","109"
"2026-03-08T03","DENY","104"
"2026-03-08T03","RESET","8"
"2026-03-08T04","ALLOW","100"
"2026-03-08T04","DENY","110"
"2026-03-08T04","RESET","6"
"2026-03-08T05","ALLOW","91"
"2026-03-08T05","DENY","96"
"2026-03-08T05","RESET","13"
"2026-03-08T06","ALLOW","104"
"2026-03-08T06","DENY","114"
"2026-03-08T06","RESET","12"
"2026-03-08T07","ALLOW","90"
"2026-03-08T07","DENY","99"
"2026-03-08T07","RESET","8"
"2026-03-08T08","ALLOW","96"
"2026-03-08T08","DENY","106"
"2026-03-08T08","RESET","6"
"2026-03-08T09","ALLOW","107"
"2026-03-08T09","DENY","90"
"2026-03-08T09","RESET","11"
"2026-03-08T10","ALLOW","108"
"2026-03-08T10","DENY","91"
"2026-03-08T10","RESET","8"
"2026-03-08T11","ALLOW","96"
"2026-03-08T11","DENY","98"
"2026-03-08T11","RESET","9"
"2026-03-08T12","ALLOW","104"
"2026-03-08T12","DENY","96"
"2026-03-08T12","RESET","13"
"2026-03-08T13","ALLOW","103"
"2026-03-08T13","DENY","98"
"2026-03-08T13","RESET","7"
"2026-03-08T14","ALLOW","106"
"2026-03-08T14","DENY","90"
"2026-03-08T14","RESET","8"
"2026-03-08T15","ALLOW","101"
"2026-03-08T15","DENY","109"
"2026-03-08T15","RESET","14"
"2026-03-08T16","ALLOW","112"
"2026-03-08T16","DENY","97"
"2026-03-08T16","RESET","12"
"2026-03-08T17","ALLOW","92"
"2026-03-08T17","DENY","115"
"2026-03-08T17","RESET","11"
"2026-03-08T18","ALLOW","98"
"2026-03-08T18","DENY","90"
"2026-03-08T18","RESET","8"
"2026-03-08T19","ALLOW","98"
"2026-03-08T19","DENY","96"
"2026-03-08T19","RESET","5"
"2026-03-08T20","ALLOW","116"
"2026-03-08T20","DENY","89"
"2026-03-08T20","RESET","14"
"2026-03-08T21","ALLOW","102"
"2026-03-08T21","DENY","94"
"2026-03-08T21","RESET","8"
"2026-03-08T22","ALLOW","101"
"2026-03-08T22","DENY","93"
"2026-03-08T22","RESET","10"
"2026-03-08T23","ALLOW","103"
"2026-03-08T23","DENY","90"
"2026-03-08T23","RESET","6"
"2026-03-09T00","ALLOW","99"
"2026-03-09T00","DENY","82"
"2026-03-09T00","RESET","14"
"2026-03-09T01","ALLOW","87"
"2026-03-09T01","DENY","107"
"2026-03-09T01","RESET","5"
"2026-03-09T02","ALLOW","109"
"2026-03-09T02","DENY","92"
"2026-03-09T02","RESET","11"
"2026-03-09T03","ALLOW","94"
"2026-03-09T03","DENY","83"
"2026-03-09T03","RESET","9"
"2026-03-09T04","ALLOW","87"
"2026-03-09T04","DENY","96"
"2026-03-09T04","RESET","15"
"2026-03-09T05","ALLOW","84"
"2026-03-09T05","DENY","91"
"2026-03-09T05","RESET","9"
"2026-03-09T06","ALLOW","115"
"2026-03-09T06","DENY","97"
"2026-03-09T06","RESET","10"
"2026-03-09T07","ALLOW","105"
"2026-03-09T07","DENY","102"
"2026-03-09T07","RESET","10"
"2026-03-09T08","ALLOW","95"
"2026-03-09T08","DENY","110"
"2026-03-09T08","RESET","7"
"2026-03-09T09","ALLOW","101"
"2026-03-09T09","DENY","114"
"2026-03-09T09","RESET","18"
"2026-03-09T10","ALLOW","92"
"2026-03-09T10","DENY","114"
"2026-03-09T10","RESET","16"
"2026-03-09T11","ALLOW","136"
"2026-03-09T11","DENY","93"
"2026-03-09T11","RESET","7"
"2026-03-09T12","ALLOW","92"
"2026-03-09T12","DENY","88"
"2026-03-09T12","RESET","12"
"2026-03-09T13","ALLOW","111"
"2026-03-09T13","DENY","88"
"2026-03-09T13","RESET","12"
"2026-03-09T14","ALLOW","98"
"2026-03-09T14","DENY","115"
"2026-03-09T14","RESET","14"
"2026-03-09T15","ALLOW","112"
"2026-03-09T15","DENY","95"
"2026-03-09T15","RESET","4"
"2026-03-09T16","ALLOW","101"
"2026-03-09T16","DENY","102"
"2026-03-09T16","RESET","12"
"2026-03-09T17","ALLOW","92"
"2026-03-09T17","DENY","92"
"2026-03-09T17","RESET","6"
"2026-03-09T18","ALLOW","107"
"2026-03-09T18","DENY","103"
"2026-03-09T18","RESET","11"
"2026-03-09T19","ALLOW","99"
"2026-03-09T19","DENY","81"
"2026-03-09T19","RESET","7"
"2026-03-09T20","ALLOW","103"
"2026-03-09T20","DENY","114"
"2026-03-09T20","RESET","6"
"2026-03-09T21","ALLOW","93"
"2026-03-09T21","DENY","104"
"2026-03-09T21","RESET","16"
"2026-03-09T22","ALLOW","88"
"2026-03-09T22","DENY","89"
"2026-03-09T22","RESET","7"
"2026-03-09T23","ALLOW","88"
"2026-03-09T23","DENY","106"
"2026-03-09T23","RESET","16"
"2026-03-10T00","ALLOW","99"
"2026-03-10T00","DENY","101"
"2026-03-10T00","RESET","10"
"2026-03-10T01","ALLOW","99"
"2026-03-10T01","DENY","85"
"2026-03-10T01","RESET","9"
"2026-03-10T02","ALLOW","105"
"2026-03-10T02","DENY","93"
"2026-03-10T02","RESET","12"
"2026-03-10T03","ALLOW","90"
"2026-03-10T03","DENY","86"
"2026-03-10T03","RESET","9"
"2026-03-10T04","ALLOW","100"
"2026-03-10T04","DENY","103"
"2026-03-10T04","RESET","13"
"2026-03-10T05","ALLOW","116"
"2026-03-10T05","DENY","94"
"2026-03-10T05","RESET","11"
"2026-03-10T06","ALLOW","87"
"2026-03-10T06","DENY","94"
"2026-03-10T06","RESET","10"
"2026-03-10T07","ALLOW","106"
"2026-03-10T07","DENY","110"
"2026-03-10T07","RESET","8"
"2026-03-10T08","ALLOW","123"
"2026-03-10T08","DENY","97"
"2026-03-10T08","RESET","9"
"2026-03-10T09","ALLOW","100"
"2026-03-10T09","DENY","99"
"2026-03-10T09","RESET","10"
"2026-03-10T10","ALLOW","92"
"2026-03-10T10","DENY","108"
"2026-03-10T10","RESET","5"
"2026-03-10T11","ALLOW","105"
"2026-03-10T11","DENY","86"
"2026-03-10T11","RESET","6"
"2026-03-10T12","ALLOW","103"
"2026-03-10T12","DENY","83"
"2026-03-10T12","RESET","13"
"2026-03-10T13","ALLOW","104"
"2026-03-10T13","DENY","106"
"2026-03-10T13","RESET","18"
"2026-03-10T14","ALLOW","110"
"2026-03-10T14","DENY","79"
"2026-03-10T14","RESET","11"
"2026-03-10T15","ALLOW","93"
"2026-03-10T15","DENY","103"
"2026-03-10T15","RESET","10"
"2026-03-10T16","ALLOW","108"
"2026-03-10T16","DENY","95"
"2026-03-10T16","RESET","12"
"2026-03-10T17","ALLOW","115"
"2026-03-10T17","DENY","97"
"2026-03-10T17","RESET","16"
"2026-03-10T18","ALLOW","92"
"2026-03-10T18","DENY","95"
"2026-03-10T18","RESET","8"
"2026-03-10T19","ALLOW","101"
"2026-03-10T19","DENY","96"
"2026-03-10T19","RESET","16"
"2026-03-10T20","ALLOW","83"
"2026-03-10T20","DENY","113"
"2026-03-10T20","RESET","12"
"2026-03-10T21","ALLOW","102"
"2026-03-10T21","DENY","104"
"2026-03-10T21","RESET","12"
"2026-03-10T22","ALLOW","86"
"2026-03-10T22","DENY","106"
"2026-03-10T22","RESET","9"
"2026-03-10T23","ALLOW","89"
"2026-03-10T23","DENY","103"
"2026-03-10T23","RESET","7"
"2026-03-11T00","ALLOW","105"
"2026-03-11T00","DENY","92"
"2026-03-11T00","RESET","13"
"2026-03-11T01","ALLOW","117"
"2026-03-11T01","DENY","99"
"2026-03-11T01","RESET","7"
"2026-03-11T02","ALLOW","111"
"2026-03-11T02","DENY","99"
"2026-03-11T02","RESET","13"
"2026-03-11T03","ALLOW","123"
"2026-03-11T03","DENY","94"
"2026-03-11T03","RESET","10"
"2026-03-11T04","ALLOW","111"
"2026-03-11T04","DENY","75"
"2026-03-11T04","RESET","7"
"2026-03-11T05","ALLOW","94"
"2026-03-11T05","DENY","89"
"2026-03-11T05","RESET","7"
"2026-03-11T06","ALLOW","119"
"2026-03-11T06","DENY","96"
"2026-03-11T06","RESET","9"
"2026-03-11T07","ALLOW","95"
"2026-03-11T07","DENY","93"
"2026-03-11T07","RESET","7"
"2026-03-11T08","ALLOW","97"
"2026-03-11T08","DENY","100"
"2026-03-11T08","RESET","9"
"2026-03-11T09","ALLOW","129"
"2026-03-11T09","DENY","89"
"2026-03-11T09","RESET","13"
"2026-03-11T10","ALLOW","103"
"2026-03-11T10","DENY","81"
"2026-03-11T10","RESET","13"
"2026-03-11T11","ALLOW","111"
"2026-03-11T11","DENY","91"
"2026-03-11T11","RESET","11"
"2026-03-11T12","ALLOW","107"
"2026-03-11T12","DENY","90"
"2026-03-11T12","RESET","9"
"2026-03-11T13","ALLOW","95"
"2026-03-11T13","DENY","91"
"2026-03-11T13","RESET","16"
"2026-03-11T14","ALLOW","106"
"2026-03-11T14","DENY","94"
"2026-03-11T14","RESET","10"
"2026-03-11T15","ALLOW","105"
"2026-03-11T15","DENY","98"
"2026-03-11T15","RESET","11"
"2026-03-11T16","ALLOW","115"
"2026-03-11T16","DENY","105"
"2026-03-11T16","RESET","6"
"2026-03-11T17","ALLOW","91"
"2026-03-11T17","DENY","89"
"2026-03-11T17","RESET","7"
"2026-03-11T18","ALLOW","91"
"2026-03-11T18","DENY","92"
"2026-03-11T18","RESET","14"
"2026-03-11T19","ALLOW","97"
"2026-03-11T19","DENY","82"
"2026-03-11T19","RESET","7"
"2026-03-11T20","ALLOW","96"
"2026-03-11T20","DENY","82"
"2026-03-11T20","RESET","11"
"2026-03-11T21","ALLOW","116"
"2026-03-11T21","DENY","102"
"2026-03-11T21","RESET","14"
"2026-03-11T22","ALLOW","101"
"2026-03-11T22","DENY","85"
"2026-03-11T22","RESET","15"
"2026-03-11T23","ALLOW","121"
"2026-03-11T23","DENY","88"
"2026-03-11T23","RESET","9"
"2026-03-12T00","ALLOW","109"
"2026-03-12T00","DENY","110"
"2026-03-12T00","RESET","13"
"2026-03-12T01","ALLOW","85"
"2026-03-12T01","DENY","99"
"2026-03-12T01","RESET","14"
"2026-03-12T02","ALLOW","89"
"2026-03-12T02","DENY","92"
"2026-03-12T02","RESET","11"
"2026-03-12T03","ALLOW","111"
"2026-03-12T03","DENY","98"
"2026-03-12T03","RESET","14"
"2026-03-12T04","ALLOW","99"
"2026-03-12T04","DENY","102"
"2026-03-12T04","RESET","11"
"2026-03-12T05","ALLOW","93"
"2026-03-12T05","DENY","93"
"2026-03-12T05","RESET","10"
"2026-03-12T06","ALLOW","102"
"2026-03-12T06","DENY","109"
"2026-03-12T06","RESET","12"
"2026-03-12T07","ALLOW","104"
"2026-03-12T07","DENY","97"
"2026-03-12T07","RESET","19"
"2026-03-12T08","ALLOW","84"
"2026-03-12T08","DENY","88"
"2026-03-12T08","RESET","10"
"2026-03-12T09","ALLOW","106"
"2026-03-12T09","DENY","100"
"2026-03-12T09","RESET","10"
"2026-03-12T10","ALLOW","88"
"2026-03-12T10","DENY","113"
"2026-03-12T10","RESET","14"
"2026-03-12T11","ALLOW","102"
"2026-03-12T11","DENY","93"
"2026-03-12T11","RESET","13"
"2026-03-12T12","ALLOW","97"
"2026-03-12T12","DENY","95"
"2026-03-12T12","RESET","12"
"2026-03-12T13","ALLOW","104"
"2026-03-12T13","DENY","89"
"2026-03-12T13","RESET","12"
"2026-03-12T14","ALLOW","107"
"2026-03-12T14","DENY","81"
"2026-03-12T14","RESET","13"
"2026-03-12T15","ALLOW","104"
"2026-03-12T15","DENY","84"
"2026-03-12T15","RESET","14"
"2026-03-12T16","ALLOW","101"
"2026-03-12T16","DENY","98"
"2026-03-12T16","RESET","12"
"2026-03-12T17","ALLOW","107"
"2026-03-12T17","DENY","111"
"2026-03-12T17","RESET","8"
"2026-03-12T18","ALLOW","96"
"2026-03-12T18","DENY","97"
"2026-03-12T18","RESET","12"
"2026-03-12T19","ALLOW","108"
"2026-03-12T19","DENY","94"
"2026-03-12T19","RESET","14"
"2026-03-12T20","ALLOW","99"
"2026-03-12T20","DENY","85"
"2026-03-12T20","RESET","14"
"2026-03-12T21","ALLOW","100"
"2026-03-12T21","DENY","96"
"2026-03-12T21","RESET","3"
"2026-03-12T22","ALLOW","97"
"2026-03-12T22","DENY","112"
"2026-03-12T22","RESET","7"
"2026-03-12T23","ALLOW","93"
"2026-03-12T23","DENY","97"
"2026-03-12T23","RESET","10"
"2026-03-13T00","ALLOW","109"
"2026-03-13T00","DENY","107"
"2026-03-13T00","RESET","12"
"2026-03-13T01","ALLOW","88"
"2026-03-13T01","DENY","102"
"2026-03-13T01","RESET","6"
"2026-03-13T02","ALLOW","102"
"2026-03-13T02","DENY","113"
"2026-03-13T02","RESET","8"
"2026-03-13T03","ALLOW","113"
"2026-03-13T03","DENY","91"
"2026-03-13T03","RESET","7"
"2026-03-13T04","ALLOW","119"
"2026-03-13T04","DENY","99"
"2026-03-13T04","RESET","13"
"2026-03-13T05","ALLOW","101"
"2026-03-13T05","DENY","97"
"2026-03-13T05","RESET","10"
"2026-03-13T06","ALLOW","96"
"2026-03-13T06","DENY","105"
"2026-03-13T06","RESET","10"
"2026-03-13T07","ALLOW","98"
"2026-03-13T07","DENY","94"
"2026-03-13T07","RESET","10"
"2026-03-13T08","ALLOW","93"
"2026-03-13T08","DENY","95"
"2026-03-13T08","RESET","7"
"2026-03-13T09","ALLOW","98"
"2026-03-13T09","DENY","92"
"2026-03-13T09","RESET","5"
"2026-03-13T10","ALLOW","88"
"2026-03-13T10","DENY","96"
"2026-03-13T10","RESET","19"
"2026-03-13T11","ALLOW","117"
"2026-03-13T11","DENY","98"
"2026-03-13T11","RESET","11"
"2026-03-13T12","ALLOW","80"
"2026-03-13T12","DENY","86"
"2026-03-13T12","RESET","8"
"2026-03-13T13","ALLOW","111"
"2026-03-13T13","DENY","80"
"2026-03-13T13","RESET","13"
"2026-03-13T14","ALLOW","125"
"2026-03-13T14","DENY","97"
"2026-03-13T14","RESET","13"
"2026-03-13T15","ALLOW","99"
"2026-03-13T15","DENY","85"
"2026-03-13T15","RESET","12"
"2026-03-13T16","ALLOW","99"
"2026-03-13T16","DENY","86"
"2026-03-13T16","RESET","21"
"2026-03-13T17","ALLOW","108"
"2026-03-13T17","DENY","86"
"2026-03-13T17","RESET","6"
"2026-03-13T18","ALLOW","97"
"2026-03-13T18","DENY","88"
"2026-03-13T18","RESET","14"
"2026-03-13T19","ALLOW","108"
"2026-03-13T19","DENY","102"
"2026-03-13T19","RESET","12"
"2026-03-13T20","ALLOW","104"
"2026-03-13T20","DENY","101"
"2026-03-13T20","RESET","15"
"2026-03-13T21","ALLOW","83"
"2026-03-13T21","DENY","105"
"2026-03-13T21","RESET","13"
"2026-03-13T22","ALLOW","111"
"2026-03-13T22","DENY","79"
"2026-03-13T22","RESET","13"
"2026-03-13T23","ALLOW","100"
"2026-03-13T23","DENY","103"
"2026-03-13T23","RESET","8"
"2026-03-14T00","ALLOW","85"
"2026-03-14T00","DENY","104"
"2026-03-14T00","RESET","7"
"2026-03-14T01","ALLOW","120"
"2026-03-14T01","DENY","104"
"2026-03-14T01","RESET","8"
"2026-03-14T02","ALLOW","94"
"2026-03-14T02","DENY","90"
"2026-03-14T02","RESET","8"
"2026-03-14T03","ALLOW","110"
"2026-03-14T03","DENY","103"
"2026-03-14T03","RESET","10"
"2026-03-14T04","ALLOW","98"
"2026-03-14T04","DENY","122"
"2026-03-14T04","RESET","12"
"2026-03-14T05","ALLOW","104"
"2026-03-14T05","DENY","87"
"2026-03-14T05","RESET","12"
"2026-03-14T06","ALLOW","109"
"2026-03-14T06","DENY","94"
"2026-03-14T06","RESET","7"
"2026-03-14T07","ALLOW","105"
"2026-03-14T07","DENY","92"
"2026-03-14T07","RESET","10"
"2026-03-14T08","ALLOW","89"
"2026-03-14T08","DENY","91"
"2026-03-14T08","RESET","8"
"2026-03-14T09","ALLOW","97"
"2026-03-14T09","DENY","90"
"2026-03-14T09","RESET","12"
"2026-03-14T10","ALLOW","111"
"2026-03-14T10","DENY","116"
"2026-03-14T10","RESET","13"
"2026-03-14T11","ALLOW","103"
"2026-03-14T11","DENY","97"
"2026-03-14T11","RESET","15"
"2026-03-14T12","ALLOW","83"
"2026-03-14T12","DENY","94"
"2026-03-14T12","RESET","11"
"2026-03-14T13","ALLOW","107"
"2026-03-14T13","DENY","110"
"2026-03-14T13","RESET","11"
"2026-03-14T14","ALLOW","102"
"2026-03-14T14","DENY","106"
"2026-03-14T14","RESET","8"
"2026-03-14T15","ALLOW","97"
"2026-03-14T15","DENY","105"
"2026-03-14T15","RESET","10"
"2026-03-14T16","ALLOW","96"
"2026-03-14T16","DENY","107"
"2026-03-14T16","RESET","8"
"2026-03-14T17","ALLOW","108"
"2026-03-14T17","DENY","93"
"2026-03-14T17","RESET","12"
"2026-03-14T18","ALLOW","109"
"2026-03-14T18","DENY","100"
"2026-03-14T18","RESET","10"
"2026-03-14T19","ALLOW","102"
"2026-03-14T19","DENY","82"
"2026-03-14T19","RESET","7"
"2026-03-14T20","ALLOW","110"
"2026-03-14T20","DENY","85"
"2026-03-14T20","RESET","10"
"2026-03-14T21","ALLOW","82"
"2026-03-14T21","DENY","81"
"2026-03-14T21","RESET","6"
"2026-03-14T22","ALLOW","107"
"2026-03-14T22","DENY","90"
"2026-03-14T22","RESET","11"
"2026-03-14T23","ALLOW","122"
"2026-03-14T23","DENY","71"
"2026-03-14T23","RESET","10"
"2026-03-15T00","ALLOW","98"
"2026-03-15T00","DENY","82"
"2026-03-15T00","RESET","17"
"2026-03-15T01","ALLOW","98"
"2026-03-15T01","DENY","86"
"2026-03-15T01","RESET","13"
"2026-03-15T02","ALLOW","109"
"2026-03-15T02","DENY","80"
"2026-03-15T02","RESET","7"
"2026-03-15T03","ALLOW","107"
"2026-03-15T03","DENY","102"
"2026-03-15T03","RESET","10"
"2026-03-15T04","ALLOW","90"
"2026-03-15T04","DENY","100"
"2026-03-15T04","RESET","11"
"2026-03-15T05","ALLOW","114"
"2026-03-15T05","DENY","104"
"2026-03-15T05","RESET","11"
"2026-03-15T06","ALLOW","84"
"2026-03-15T06","DENY","95"
"2026-03-15T06","RESET","9"
"2026-03-15T07","ALLOW","94"
"2026-03-15T07","DENY","92"
"2026-03-15T07","RESET","15"
"2026-03-15T08","ALLOW","112"
"2026-03-15T08","DENY","108"
"2026-03-15T08","RESET","9"
"2026-03-15T09","ALLOW","73"
"2026-03-15T09","DENY","96"
"2026-03-15T09","RESET","13"
"2026-03-15T10","ALLOW","96"
"2026-03-15T10","DENY","89"
"2026-03-15T10","RESET","18"
"2026-03-15T11","ALLOW","98"
"2026-03-15T11","DENY","114"
"2026-03-15T11","RESET","8"
"2026-03-15T12","ALLOW","109"
"2026-03-15T12","DENY","90"
"2026-03-15T12","RESET","7"
"2026-03-15T13","ALLOW","115"
"2026-03-15T13","DENY","89"
"2026-03-15T13","RESET","9"
"2026-03-15T14","ALLOW","100"
"2026-03-15T14","DENY","93"
"2026-03-15T14","RESET","8"
"2026-03-15T15","ALLOW","112"
"2026-03-15T15","DENY","97"
"2026-03-15T15","RESET","7"
"2026-03-15T16","ALLOW","109"
"2026-03-15T16","DENY","103"
"2026-03-15T16","RESET","11"
"2026-03-15T17","ALLOW","96"
"2026-03-15T17","DENY","104"
"2026-03-15T17","RESET","8"
"2026-03-15T18","ALLOW","94"
"2026-03-15T18","DENY","92"
"2026-03-15T18","RESET","5"
"2026-03-15T19","ALLOW","132"
"2026-03-15T19","DENY","77"
"2026-03-15T19","RESET","11"
"2026-03-15T20","ALLOW","87"
"2026-03-15T20","DENY","104"
"2026-03-15T20","RESET","6"
"2026-03-15T21","ALLOW","102"
"2026-03-15T21","DENY","96"
"2026-03-15T21","RESET","14"
"2026-03-15T22","ALLOW","119"
"2026-03-15T22","DENY","106"
"2026-03-15T22","RESET","11"
"2026-03-15T23","ALLOW","95"
"2026-03-15T23","DENY","103"
"2026-03-15T23","RESET","17"
"2026-03-16T00","ALLOW","94"
"2026-03-16T00","DENY","85"
"2026-03-16T00","RESET","9"
"2026-03-16T01","ALLOW","111"
"2026-03-16T01","DENY","101"
"2026-03-16T01","RESET","8"
"2026-03-16T02","ALLOW","112"
"2026-03-16T02","DENY","73"
"2026-03-16T02","RESET","14"
"2026-03-16T03","ALLOW","99"
"2026-03-16T03","DENY","117"
"2026-03-16T03","RESET","12"
"2026-03-16T04","ALLOW","106"
"2026-03-16T04","DENY","88"
"2026-03-16T04","RESET","11"
"2026-03-16T05","ALLOW","112"
"2026-03-16T05","DENY","83"
"2026-03-16T05","RESET","10"
"2026-03-16T06","ALLOW","114"
"2026-03-16T06","DENY","66"
"2026-03-16T06","RESET","15"
"2026-03-16T07","ALLOW","105"
"2026-03-16T07","DENY","95"
"2026-03-16T07","RESET","11"
"2026-03-16T08","ALLOW","107"
"2026-03-16T08","DENY","111"
"2026-03-16T08","RESET","6"
"2026-03-16T09","ALLOW","98"
"2026-03-16T09","DENY","108"
"2026-03-16T09","RESET","6"
"2026-03-16T10","ALLOW","97"
"2026-03-16T10","DENY","107"
"2026-03-16T10","RESET","15"
"2026-03-16T11","ALLOW","117"
"2026-03-16T11","DENY","105"
"2026-03-16T11","RESET","14"
"2026-03-16T12","ALLOW","88"
"2026-03-16T12","DENY","93"
"2026-03-16T12","RESET","8"
"2026-03-16T13","ALLOW","93"
"2026-03-16T13","DENY","101"
"2026-03-16T13","RESET","14"
"2026-03-16T14","ALLOW","92"
"2026-03-16T14","DENY","111"
"2026-03-16T14","RESET","13"
"2026-03-16T15","ALLOW","93"
"2026-03-16T15","DENY","101"
"2026-03-16T15","RESET","14"
"2026-03-16T16","ALLOW","110"
"2026-03-16T16","DENY","107"
"2026-03-16T16","RESET","6"
"2026-03-16T17","ALLOW","86"
"2026-03-16T17","DENY","103"
"2026-03-16T17","RESET","8"
"2026-03-16T18","ALLOW","100"
"2026-03-16T18","DENY","82"
"2026-03-16T18","RESET","6"
"2026-03-16T19","ALLOW","108"
"2026-03-16T19","DENY","101"
"2026-03-16T19","RESET","12"
"2026-03-16T20","ALLOW","102"
"2026-03-16T20","DENY","90"
"2026-03-16T20","RESET","10"
"2026-03-16T21","ALLOW","104"
"2026-03-16T21","DENY","90"
"2026-03-16T21","RESET","12"
"2026-03-16T22","ALLOW","106"
"2026-03-16T22","DENY","81"
"2026-03-16T22","RESET","9"
"2026-03-16T23","ALLOW","92"
"2026-03-16T23","DENY","100"
"2026-03-16T23","RESET","12"
"2026-03-17T00","ALLOW","98"
"2026-03-17T00","DENY","106"
"2026-03-17T00","RESET","12"
"2026-03-17T01","ALLOW","93"
"2026-03-17T01","DENY","101"
"2026-03-17T01","RESET","11"
"2026-03-17T02","ALLOW","98"
"2026-03-17T02","DENY","91"
"2026-03-17T02","RESET","12"
"2026-03-17T03","ALLOW","90"
"2026-03-17T03","DENY","100"
"2026-03-17T03","RESET","8"
"2026-03-17T04","ALLOW","78"
"2026-03-17T04","DENY","95"
"2026-03-17T04","RESET","13"
"2026-03-17T05","ALLOW","94"
"2026-03-17T05","DENY","93"
"2026-03-17T05","RESET","10"
"2026-03-17T06","ALLOW","92"
"2026-03-17T06","DENY","99"
"2026-03-17T06","RESET","12"
"2026-03-17T07","ALLOW","104"
"2026-03-17T07","DENY","97"
"2026-03-17T07","RESET","11"
"2026-03-17T08","ALLOW","102"
"2026-03-17T08","DENY","100"
"2026-03-17T08","RESET","9"
"2026-03-17T09","ALLOW","96"
"2026-03-17T09","DENY","92"
"2026-03-17T09","RESET","13"
"2026-03-17T10","ALLOW","98"
"2026-03-17T10","DENY","100"
"2026-03-17T10","RESET","7"
"2026-03-17T11","ALLOW","99"
"2026-03-17T11","DENY","99"
"2026-03-17T11","RESET","11"
"2026-03-17T12","ALLOW","111"
"2026-03-17T12","DENY","99"
"2026-03-17T12","RESET","7"
"2026-03-17T13","ALLOW","108"
"2026-03-17T13","DENY","100"
"2026-03-17T13","RESET","7"
"2026-03-17T14","ALLOW","108"
"2026-03-17T14","DENY","102"
"2026-03-17T14","RESET","12"
"2026-03-17T15","ALLOW","95"
"2026-03-17T15","DENY","107"
"2026-03-17T15","RESET","12"
"2026-03-17T16","ALLOW","93"
"2026-03-17T16","DENY","105"
"2026-03-17T16","RESET","7"
"2026-03-17T17","ALLOW","102"
"2026-03-17T17","DENY","98"
"2026-03-17T17","RESET","12"
"2026-03-17T18","ALLOW","91"
"2026-03-17T18","DENY","100"
"2026-03-17T18","RESET","9"
"2026-03-17T19","ALLOW","112"
"2026-03-17T19","DENY","96"
"2026-03-17T19","RESET","4"
"2026-03-17T20","ALLOW","105"
"2026-03-17T20","DENY","93"
"2026-03-17T20","RESET","17"
"2026-03-17T21","ALLOW","102"
"2026-03-17T21","DENY","90"
"2026-03-17T21","RESET","18"
"2026-03-17T22","ALLOW","115"
"2026-03-17T22","DENY","109"
"2026-03-17T22","RESET","9"
"2026-03-17T23","ALLOW","86"
"2026-03-17T23","DENY","105"
"2026-03-17T23","RESET","10"
"2026-03-18T00","ALLOW","109"
"2026-03-18T00","DENY","87"
"2026-03-18T00","RESET","2"
"2026-03-18T01","ALLOW","100"
"2026-03-18T01","DENY","98"
"2026-03-18T01","RESET","13"
"2026-03-18T02","ALLOW","97"
"2026-03-18T02","DENY","88"
"2026-03-18T02","RESET","9"
"2026-03-18T03","ALLOW","108"
"2026-03-18T03","DENY","87"
"2026-03-18T03","RESET","8"
"2026-03-18T04","ALLOW","102"
"2026-03-18T04","DENY","104"
"2026-03-18T04","RESET","11"
"2026-03-18T05","ALLOW","110"
"2026-03-18T05","DENY","89"
"2026-03-18T05","RESET","9"
"2026-03-18T06","ALLOW","95"
"2026-03-18T06","DENY","101"
"2026-03-18T06","RESET","8"
"2026-03-18T07","ALLOW","103"
"2026-03-18T07","DENY","99"
"2026-03-18T07","RESET","18"
"2026-03-18T08","ALLOW","99"
"2026-03-18T08","DENY","97"
"2026-03-18T08","RESET","9"
"2026-03-18T09","ALLOW","116"
"2026-03-18T09","DENY","90"
"2026-03-18T09","RESET","9"
"2026-03-18T10","ALLOW","101"
"2026-03-18T10","DENY","106"
"2026-03-18T10","RESET","13"
"2026-03-18T11","ALLOW","93"
"2026-03-18T11","DENY","81"
"2026-03-18T11","RESET","20"
"2026-03-18T12","ALLOW","110"
"2026-03-18T12","DENY","107"
"2026-03-18T12","RESET","7"
"2026-03-18T13","ALLOW","100"
"2026-03-18T13","DENY","95"
"2026-03-18T13","RESET","1"
"2026-03-18T14","ALLOW","111"
"2026-03-18T14","DENY","85"
"2026-03-18T14","RESET","18"
"2026-03-18T15","ALLOW","124"
"2026-03-18T15","DENY","93"
"2026-03-18T15","RESET","16"
"2026-03-18T16","ALLOW","124"
"2026-03-18T16","DENY","104"
"2026-03-18T16","RESET","9"
"2026-03-18T17","ALLOW","92"
"2026-03-18T17","DENY","84"
"2026-03-18T17","RESET","18"
"2026-03-18T18","ALLOW","92"
"2026-03-18T18","DENY","95"
"2026-03-18T18","RESET","5"
"2026-03-18T19","ALLOW","99"
"2026-03-18T19","DENY","82"
"2026-03-18T19","RESET","14"
"2026-03-18T20","ALLOW","109"
"2026-03-18T20","DENY","93"
"2026-03-18T20","RESET","5"
"2026-03-18T21","ALLOW","98"
"2026-03-18T21","DENY","81"
"2026-03-18T21","RESET","8"
"2026-03-18T22","ALLOW","96"
"2026-03-18T22","DENY","98"
"2026-03-18T22","RESET","6"
"2026-03-18T23","ALLOW","118"
"2026-03-18T23","DENY","107"
"2026-03-18T23","RESET","7"
"2026-03-19T00","ALLOW","123"
"2026-03-19T00","DENY","118"
"2026-03-19T00","RESET","8"
"2026-03-19T01","ALLOW","93"
"2026-03-19T01","DENY","94"
"2026-03-19T01","RESET","11"
"2026-03-19T02","ALLOW","95"
"2026-03-19T02","DENY","106"
"2026-03-19T02","RESET","11"
"2026-03-19T03","ALLOW","98"
"2026-03-19T03","DENY","102"
"2026-03-19T03","RESET","8"
"2026-03-19T04","ALLOW","94"
"2026-03-19T04","DENY","109"
"2026-03-19T04","RESET","4"
"2026-03-19T05","ALLOW","106"
"2026-03-19T05","DENY","89"
"2026-03-19T05","RESET","14"
"2026-03-19T06","ALLOW","109"
"2026-03-19T06","DENY","90"
"2026-03-19T06","RESET","13"
"2026-03-19T07","ALLOW","116"
"2026-03-19T07","DENY","92"
"2026-03-19T07","RESET","20"
"2026-03-19T08","ALLOW","101"
"2026-03-19T08","DENY","96"
"2026-03-19T08","RESET","10"
"2026-03-19T09","ALLOW","111"
"2026-03-19T09","DENY","101"
"2026-03-19T09","RESET","9"
"2026-03-19T10","ALLOW","108"
"2026-03-19T10","DENY","90"
"2026-03-19T10","RESET","9"
"2026-03-19T11","ALLOW","102"
"2026-03-19T11","DENY","89"
"2026-03-19T11","RESET","6"
"2026-03-19T12","ALLOW","93"
"2026-03-19T12","DENY","83"
"2026-03-19T12","RESET","6"
"2026-03-19T13","ALLOW","92"
"2026-03-19T13","DENY","109"
"2026-03-19T13","RESET","17"
"2026-03-19T14","ALLOW","96"
"2026-03-19T14","DENY","82"
"2026-03-19T14","RESET","6"
"2026-03-19T15","ALLOW","115"
"2026-03-19T15","DENY","91"
"2026-03-19T15","RESET","14"
"2026-03-19T16","ALLOW","77"
"2026-03-19T16","DENY","84"
"2026-03-19T16","RESET","4"
"2026-03-19T17","ALLOW","92"
"2026-03-19T17","DENY","85"
"2026-03-19T17","RESET","13"
"2026-03-19T18","ALLOW","99"
"2026-03-19T18","DENY","102"
"2026-03-19T18","RESET","12"
"2026-03-19T19","ALLOW","96"
"2026-03-19T19","DENY","125"
"2026-03-19T19","RESET","10"
"2026-03-19T20","ALLOW","97"
"2026-03-19T20","DENY","105"
"2026-03-19T20","RESET","12"
"2026-03-19T21","ALLOW","96"
"2026-03-19T21","DENY","102"
"2026-03-19T21","RESET","11"
"2026-03-19T22","ALLOW","99"
"2026-03-19T22","DENY","97"
"2026-03-19T22","RESET","3"
"2026-03-19T23","ALLOW","88"
"2026-03-19T23","DENY","116"
"2026-03-19T23","RESET","16"
"2026-03-20T00","ALLOW","109"
"2026-03-20T00","DENY","120"
"2026-03-20T00","RESET","12"
"2026-03-20T01","ALLOW","101"
"2026-03-20T01","DENY","121"
"2026-03-20T01","RESET","6"
"2026-03-20T02","ALLOW","94"
"2026-03-20T02","DENY","104"
"2026-03-20T02","RESET","7"
"2026-03-20T03","ALLOW","92"
"2026-03-20T03","DENY","110"
"2026-03-20T03","RESET","16"
"2026-03-20T04","ALLOW","108"
"2026-03-20T04","DENY","101"
"2026-03-20T04","RESET","12"
"2026-03-20T05","ALLOW","95"
"2026-03-20T05","DENY","81"
"2026-03-20T05","RESET","6"
"2026-03-20T06","ALLOW","99"
"2026-03-20T06","DENY","105"
"2026-03-20T06","RESET","11"
"2026-03-20T07","ALLOW","118"
"2026-03-20T07","DENY","117"
"2026-03-20T07","RESET","6"
"2026-03-20T08","ALLOW","95"
"2026-03-20T08","DENY","91"
"2026-03-20T08","RESET","10"
"2026-03-20T09","ALLOW","99"
"2026-03-20T09","DENY","85"
"2026-03-20T09","RESET","17"
"2026-03-20T10","ALLOW","96"
"2026-03-20T10","DENY","101"
"2026-03-20T10","RESET","14"
"2026-03-20T11","ALLOW","118"
"2026-03-20T11","DENY","103"
"2026-03-20T11","RESET","6"
"2026-03-20T12","ALLOW","83"
"2026-03-20T12","DENY","89"
"2026-03-20T12","RESET","6"
"2026-03-20T13","ALLOW","88"
"2026-03-20T13","DENY","96"
"2026-03-20T13","RESET","10"
"2026-03-20T14","ALLOW","96"
"2026-03-20T14","DENY","95"
"2026-03-20T14","RESET","11"
"2026-03-20T15","ALLOW","99"
"2026-03-20T15","DENY","106"
"2026-03-20T15","RESET","13"
"2026-03-20T16","ALLOW","98"
"2026-03-20T16","DENY","102"
"2026-03-20T16","RESET","10"
"2026-03-20T17","ALLOW","97"
"2026-03-20T17","DENY","83"
"2026-03-20T17","RESET","8"
"2026-03-20T18","ALLOW","93"
"2026-03-20T18","DENY","99"
"2026-03-20T18","RESET","9"
"2026-03-20T19","ALLOW","98"
"2026-03-20T19","DENY","92"
"2026-03-20T19","RESET","13"
"2026-03-20T20","ALLOW","103"
"2026-03-20T20","DENY","90"
"2026-03-20T20","RESET","6"
"2026-03-20T21","ALLOW","90"
"2026-03-20T21","DENY","106"
"2026-03-20T21","RESET","8"
"2026-03-20T22","ALLOW","97"
"2026-03-20T22","DENY","94"
"2026-03-20T22","RESET","3"
"2026-03-20T23","ALLOW","109"
"2026-03-20T23","DENY","102"
"2026-03-20T23","RESET","12"
"2026-03-21T00","ALLOW","88"
"2026-03-21T00","DENY","100"
"2026-03-21T00","RESET","8"
"2026-03-21T01","ALLOW","90"
"2026-03-21T01","DENY","106"
"2026-03-21T01","RESET","6"
"2026-03-21T02","ALLOW","119"
"2026-03-21T02","DENY","100"
"2026-03-21T02","RESET","11"
"2026-03-21T03","ALLOW","110"
"2026-03-21T03","DENY","92"
"2026-03-21T03","RESET","16"
"2026-03-21T04","ALLOW","117"
"2026-03-21T04","DENY","103"
"2026-03-21T04","RESET","6"
"2026-03-21T05","ALLOW","94"
"2026-03-21T05","DENY","90"
"2026-03-21T05","RESET","14"
"2026-03-21T06","ALLOW","107"
"2026-03-21T06","DENY","77"
"2026-03-21T06","RESET","13"
"2026-03-21T07","ALLOW","87"
"2026-03-21T07","DENY","106"
"2026-03-21T07","RESET","8"
"2026-03-21T08","ALLOW","104"
"2026-03-21T08","DENY","91"
"2026-03-21T08","RESET","10"
"2026-03-21T09","ALLOW","107"
"2026-03-21T09","DENY","96"
"2026-03-21T09","RESET","5"
"2026-03-21T10","ALLOW","103"
"2026-03-21T10","DENY","83"
"2026-03-21T10","RESET","10"
"2026-03-21T11","ALLOW","94"
"2026-03-21T11","DENY","103"
"2026-03-21T11","RESET","12"
"2026-03-21T12","ALLOW","95"
"2026-03-21T12","DENY","106"
"2026-03-21T12","RESET","12"
"2026-03-21T13","ALLOW","95"
"2026-03-21T13","DENY","89"
"2026-03-21T13","RESET","10"
"2026-03-21T14","ALLOW","91"
"2026-03-21T14","DENY","105"
"2026-03-21T14","RESET","11"
"2026-03-21T15","ALLOW","111"
"2026-03-21T15","DENY","97"
"2026-03-21T15","RESET","8"
"2026-03-21T16","ALLOW","106"
"2026-03-21T16","DENY","98"
"2026-03-21T16","RESET","5"
"2026-03-21T17","ALLOW","108"
"2026-03-21T17","DENY","104"
"2026-03-21T17","RESET","18"
"2026-03-21T18","ALLOW","117"
"2026-03-21T18","DENY","87"
"2026-03-21T18","RESET","7"
"2026-03-21T19","ALLOW","92"
"2026-03-21T19","DENY","105"
"2026-03-21T19","RESET","14"
"2026-03-21T20","ALLOW","105"
"2026-03-21T20","DENY","85"
"2026-03-21T20","RESET","15"
"2026-03-21T21","ALLOW","100"
"2026-03-21T21","DENY","99"
"2026-03-21T21","RESET","13"
"2026-03-21T22","ALLOW","105"
"2026-03-21T22","DENY","87"
"2026-03-21T22","RESET","12"
"2026-03-21T23","ALLOW","94"
"2026-03-21T23","DENY","98"
"2026-03-21T23","RESET","10"
"2026-03-22T00","ALLOW","89"
"2026-03-22T00","DENY","98"
"2026-03-22T00","RESET","6"
"2026-03-22T01","ALLOW","104"
"2026-03-22T01","DENY","94"
"2026-03-22T01","RESET","11"
"2026-03-22T02","ALLOW","112"
"2026-03-22T02","DENY","103"
"2026-03-22T02","RESET","21"
"2026-03-22T03","ALLOW","111"
"2026-03-22T03","DENY","103"
"2026-03-22T03","RESET","16"
"2026-03-22T04","ALLOW","96"
"2026-03-22T04","DENY","112"
"2026-03-22T04","RESET","12"
"2026-03-22T05","ALLOW","101"
"2026-03-22T05","DENY","80"
"2026-03-22T05","RESET","18"
"2026-03-22T06","ALLOW","98"
"2026-03-22T06","DENY","113"
"2026-03-22T06","RESET","14"
"2026-03-22T07","ALLOW","105"
"2026-03-22T07","DENY","94"
"2026-03-22T07","RESET","12"
"2026-03-22T08","ALLOW","99"
"2026-03-22T08","DENY","97"
"2026-03-22T08","RESET","9"
"2026-03-22T09","ALLOW","87"
"2026-03-22T09","DENY","96"
"2026-03-22T09","RESET","11"
"2026-03-22T10","ALLOW","80"
"2026-03-22T10","DENY","88"
"2026-03-22T10","RESET","9"
"2026-03-22T11","ALLOW","117"
"2026-03-22T11","DENY","93"
"2026-03-22T11","RESET","13"
"2026-03-22T12","ALLOW","121"
"2026-03-22T12","DENY","92"
"2026-03-22T12","RESET","11"
"2026-03-22T13","ALLOW","104"
"2026-03-22T13","DENY","85"
"2026-03-22T13","RESET","15"
"2026-03-22T14","ALLOW","84"
"2026-03-22T14","DENY","96"
"2026-03-22T14","RESET","9"
"2026-03-22T15","ALLOW","104"
"2026-03-22T15","DENY","99"
"2026-03-22T15","RESET","5"
"2026-03-22T16","ALLOW","102"
"2026-03-22T16","DENY","110"
"2026-03-22T16","RESET","11"
"2026-03-22T17","ALLOW","109"
"2026-03-22T17","DENY","74"
"2026-03-22T17","RESET","7"
"2026-03-22T18","ALLOW","115"
"2026-03-22T18","DENY","83"
"2026-03-22T18","RESET","9"
"2026-03-22T19","ALLOW","101"
"2026-03-22T19","DENY","110"
"2026-03-22T19","RESET","11"
"2026-03-22T20","ALLOW","99"
"2026-03-22T20","DENY","95"
"2026-03-22T20","RESET","7"
"2026-03-22T21","ALLOW","106"
"2026-03-22T21","DENY","108"
"2026-03-22T21","RESET","11"
"2026-03-22T22","ALLOW","100"
"2026-03-22T22","DENY","80"
"2026-03-22T22","RESET","5"
"2026-03-22T23","ALLOW","93"
"2026-03-22T23","DENY","92"
"2026-03-22T23","RESET","15"
"2026-03-23T00","ALLOW","105"
"2026-03-23T00","DENY","103"
"2026-03-23T00","RESET","11"
"2026-03-23T01","ALLOW","101"
"2026-03-23T01","DENY","84"
"2026-03-23T01","RESET","11"
"2026-03-23T02","ALLOW","112"
"2026-03-23T02","DENY","107"
"2026-03-23T02","RESET","5"
"2026-03-23T03","ALLOW","131"
"2026-03-23T03","DENY","82"
"2026-03-23T03","RESET","8"
"2026-03-23T04","ALLOW","118"
"2026-03-23T04","DENY","95"
"2026-03-23T04","RESET","6"
"2026-03-23T05","ALLOW","89"
"2026-03-23T05","DENY","89"
"2026-03-23T05","RESET","12"
"2026-03-23T06","ALLOW","95"
"2026-03-23T06","DENY","99"
"2026-03-23T06","RESET","13"
"2026-03-23T07","ALLOW","115"
"2026-03-23T07","DENY","93"
"2026-03-23T07","RESET","15"
"2026-03-23T08","ALLOW","112"
"2026-03-23T08","DENY","86"
"2026-03-23T08","RESET","11"
"2026-03-23T09","ALLOW","104"
"2026-03-23T09","DENY","85"
"2026-03-23T09","RESET","13"
"2026-03-23T10","ALLOW","99"
"2026-03-23T10","DENY","83"
"2026-03-23T10","RESET","11"
"2026-03-23T11","ALLOW","91"
"2026-03-23T11","DENY","95"
"2026-03-23T11","RESET","6"
"2026-03-23T12","ALLOW","112"
"2026-03-23T12","DENY","93"
"2026-03-23T12","RESET","13"
"2026-03-23T13","ALLOW","115"
"2026-03-23T13","DENY","105"
"2026-03-23T13","RESET","10"
"2026-03-23T14","ALLOW","105"
"2026-03-23T14","DENY","91"
"2026-03-23T14","RESET","11"
"2026-03-23T15","ALLOW","91"
"2026-03-23T15","DENY","98"
"2026-03-23T15","RESET","8"
"2026-03-23T16","ALLOW","102"
"2026-03-23T16","DENY","97"
"2026-03-23T16","RESET","12"
"2026-03-23T17","ALLOW","96"
"2026-03-23T17","DENY","79"
"2026-03-23T17","RESET","6"
"2026-03-23T18","ALLOW","100"
"2026-03-23T18","DENY","101"
"2026-03-23T18","RESET","3"
"2026-03-23T19","ALLOW","106"
"2026-03-23T19","DENY","111"
"2026-03-23T19","RESET","11"
"2026-03-23T20","ALLOW","112"
"2026-03-23T20","DENY","84"
"2026-03-23T20","RESET","10"
"2026-03-23T21","ALLOW","94"
"2026-03-23T21","DENY","100"
"2026-03-23T21","RESET","12"
"2026-03-23T22","ALLOW","105"
"2026-03-23T22","DENY","101"
"2026-03-23T22","RESET","17"
"2026-03-23T23","ALLOW","99"
"2026-03-23T23","DENY","77"
"2026-03-23T23","RESET","18"
