"hour","severity","total"
"2026-02-22T00","critical","9"
"2026-02-22T00","high","35"
"2026-02-22T00","low","88"
"2026-02-22T00","medium","52"
"2026-02-22T01","critical","15"
"2026-02-22T01","high","27"
"2026-02-22T01","low","115"
"2026-02-22T01","medium","56"
"2026-02-22T02","critical","10"
"2026-02-22T02","high","28"
"2026-02-22T02","low","109"
"2026-02-22T02","medium","52"
"2026-02-22T03","critical","7"
"2026-02-22T03","high","51"
"2026-02-22T03","low","112"
"2026-02-22T03","medium","68"
"2026-02-22T04","critical","10"
"2026-02-22T04","high","38"
"2026-02-22T04","low","101"
"2026-02-22T04","medium","60"
"2026-02-22T05","critical","13"
"2026-02-22T05","high","38"
"2026-02-22T05","low","110"
"2026-02-22T05","medium","57"
"2026-02-22T06","critical","11"
"2026-02-22T06","high","28"
"2026-02-22T06","low","102"
"2026-02-22T06","medium","68"
"2026-02-22T07","critical","7"
"2026-02-22T07","high","34"
"2026-02-22T07","low","118"
"2026-02-22T07","medium","57"
"2026-02-22T08","critical","10"
"2026-02-22T08","high","41"
"2026-02-22T08","low","110"
"2026-02-22T08","medium","55"
"2026-02-22T09","critical","9"
"2026-02-22T09","high","33"
"2026-02-22T09","low","92"
"2026-02-22T09","medium","61"
"2026-02-22T10","critical","13"
"2026-02-22T10","high","38"
"2026-02-22T10","low","106"
"2026-02-22T10","medium","55"
"2026-02-22T11","critical","11"
"2026-02-22T11","high","31"
"2026-02-22T11","low","114"
"2026-02-22T11","medium","57"
"2026-02-22T12","critical","14"
"2026-02-22T12","high","31"
"2026-02-22T12","low","106"
"2026-02-22T12","medium","70"
"2026-02-22T13","critical","10"
"2026-02-22T13","high","33"
"2026-02-22T13","low","98"
"2026-02-22T13","medium","66"
"2026-02-22T14","critical","5"
"2026-02-22T14","high","36"
"2026-02-22T14","low","135"
"2026-02-22T14","medium","65"
"2026-02-22T15","critical","8"
"2026-02-22T15","high","29"
"2026-02-22T15","low","90"
"2026-02-22T15","medium","60"
"2026-02-22T16","critical","13"
"2026-02-22T16","high","24"
"2026-02-22T16","low","102"
"2026-02-22T16","medium","63"
"2026-02-22T17","critical","13"
"2026-02-22T17","high","40"
"2026-02-22T17","low","112"
"2026-02-22T17","medium","53"
"2026-02-22T18","critical","15"
"2026-02-22T18","high","28"
"2026-02-22T18","low","102"
"2026-02-22T18","medium","54"
"2026-02-22T19","critical","8"
"2026-02-22T19","high","35"
"2026-02-22T19","low","89"
"2026-02-22T19","medium","65"
"2026-02-22T20","critical","9"
"2026-02-22T20","high","31"
"2026-02-22T20","low","115"
"2026-02-22T20","medium","48"
"2026-02-22T21","critical","13"
"2026-02-22T21","high","28"
"2026-02-22T21","low","101"
"2026-02-22T21","medium","58"
"2026-02-22T22","critical","10"
"2026-02-22T22","high","30"
"2026-02-22T22","low","101"
"2026-02-22T22","medium","59"
"2026-02-22T23","critical","15"
"2026-02-22T23","high","18"
"2026-02-22T23","low","108"
"2026-02-22T23","medium","62"
"2026-02-23T00","critical","20"
"2026-02-23T00","high","25"
"2026-02-23T00","low","110"
"2026-02-23T00","medium","60"
"2026-02-23T01","critical","10"
"2026-02-23T01","high","35"
"2026-02-23T01","low","104"
"2026-02-23T01","medium","59"
"2026-02-23T02","critical","13"
"2026-02-23T02","high","21"
"2026-02-23T02","low","96"
"2026-02-23T02","medium","79"
"2026-02-23T03","critical","15"
"2026-02-23T03","high","28"
"2026-02-23T03","low","101"
"2026-02-23T03","medium","42"
"2026-02-23T04","critical","12"
"2026-02-23T04","high","30"
"2026-02-23T04","low","85"
"2026-02-23T04","medium","56"
"2026-02-23T05","critical","13"
"2026-02-23T05","high","31"
"2026-02-23T05","low","105"
"2026-02-23T05","medium","82"
"2026-02-23T06","critical","9"
"2026-02-23T06","high","36"
"2026-02-23T06","low","102"
"2026-02-23T06","medium","57"
"2026-02-23T07","critical","20"
"2026-02-23T07","high","23"
"2026-02-23T07","low","129"
"2026-02-23T07","medium","71"
"2026-02-23T08","critical","13"
"2026-02-23T08","high","32"
"2026-02-23T08","low","120"
"2026-02-23T08","medium","50"
"2026-02-23T09","critical","11"
"2026-02-23T09","high","29"
"2026-02-23T09","low","132"
"2026-02-23T09","medium","60"
"2026-02-23T10","critical","15"
"2026-02-23T10","high","30"
"2026-02-23T10","low","98"
"2026-02-23T10","medium","81"
"2026-02-23T11","critical","9"
"2026-02-23T11","high","25"
"2026-02-23T11","low","99"
"2026-02-23T11","medium","68"
"2026-02-23T12","critical","7"
"2026-02-23T12","high","34"
"2026-02-23T12","low","104"
"2026-02-23T12","medium","73"
"2026-02-23T13","critical","6"
"2026-02-23T13","high","27"
"2026-02-23T13","low","107"
"2026-02-23T13","medium","50"
"2026-02-23T14","critical","5"
"2026-02-23T14","high","27"
"2026-02-23T14","low","93"
"2026-02-23T14","medium","62"
"2026-02-23T15","critical","11"
"2026-02-23T15","high","45"
"2026-02-23T15","low","112"
"2026-02-23T15","medium","70"
"2026-02-23T16","critical","11"
"2026-02-23T16","high","35"
"2026-02-23T16","low","117"
"2026-02-23T16","medium","63"
"2026-02-23T17","critical","12"
"2026-02-23T17","high","32"
"2026-02-23T17","low","92"
"2026-02-23T17","medium","59"
"2026-02-23T18","critical","12"
"2026-02-23T18","high","32"
"2026-02-23T18","low","103"
"2026-02-23T18","medium","67"
"2026-02-23T19","critical","9"
"2026-02-23T19","high","28"
"2026-02-23T19","low","97"
"2026-02-23T19","medium","49"
"2026-02-23T20","critical","8"
"2026-02-23T20","high","28"
"2026-02-23T20","low","83"
"2026-02-23T20","medium","51"
"2026-02-23T21","critical","13"
"2026-02-23T21","high","34"
"2026-02-23T21","low","99"
"2026-02-23T21","medium","56"
"2026-02-23T22","critical","13"
"2026-02-23T22","high","37"
"2026-02-23T22","low","113"
"2026-02-23T22","medium","67"
"2026-02-23T23","critical","8"
"2026-02-23T23","high","27"
"2026-02-23T23","low","112"
"2026-02-23T23","medium","49"
"2026-02-24T00","critical","5"
"2026-02-24T00","high","39"
"2026-02-24T00","low","94"
"2026-02-24T00","medium","75"
"2026-02-24T01","critical","12"
"2026-02-24T01","high","36"
"2026-02-24T01","low","100"
"2026-02-24T01","medium","52"
"2026-02-24T02","critical","10"
"2026-02-24T02","high","30"
"2026-02-24T02","low","103"
"2026-02-24T02","medium","64"
"2026-02-24T03","critical","10"
"2026-02-24T03","high","31"
"2026-02-24T03","low","109"
"2026-02-24T03","medium","57"
"2026-02-24T04","critical","8"
"2026-02-24T04","high","23"
"2026-02-24T04","low","102"
"2026-02-24T04","medium","63"
"2026-02-24T05","critical","15"
"2026-02-24T05","high","34"
"2026-02-24T05","low","97"
"2026-02-24T05","medium","46"
"2026-02-24T06","critical","19"
"2026-02-24T06","high","26"
"2026-02-24T06","low","99"
"2026-02-24T06","medium","55"
"2026-02-24T07","critical","16"
"2026-02-24T07","high","22"
"2026-02-24T07","low","108"
"2026-02-24T07","medium","60"
"2026-02-24T08","critical","8"
"2026-02-24T08","high","33"
"2026-02-24T08","low","100"
"2026-02-24T08","medium","83"
"2026-02-24T09","critical","12"
"2026-02-24T09","high","35"
"2026-02-24T09","low","77"
"2026-02-24T09","medium","49"
"2026-02-24T10","critical","12"
"2026-02-24T10","high","25"
"2026-02-24T10","low","118"
"2026-02-24T10","medium","68"
"2026-02-24T11","critical","10"
"2026-02-24T11","high","37"
"2026-02-24T11","low","99"
"2026-02-24T11","medium","51"
"2026-02-24T12","critical","13"
"2026-02-24T12","high","39"
"2026-02-24T12","low","101"
"2026-02-24T12","medium","59"
"2026-02-24T13","critical","12"
"2026-02-24T13","high","35"
"2026-02-24T13","low","117"
"2026-02-24T13","medium","59"
"2026-02-24T14","critical","13"
"2026-02-24T14","high","38"
"2026-02-24T14","low","102"
"2026-02-24T14","medium","62"
"2026-02-24T15","critical","10"
"2026-02-24T15","high","32"
"2026-02-24T15","low","100"
"2026-02-24T15","medium","48"
"2026-02-24T16","critical","15"
"2026-02-24T16","high","36"
"2026-02-24T16","low","104"
"2026-02-24T16","medium","66"
"2026-02-24T17","critical","14"
"2026-02-24T17","high","47"
"2026-02-24T17","low","88"
"2026-02-24T17","medium","59"
"2026-02-24T18","critical","5"
"2026-02-24T18","high","28"
"2026-02-24T18","low","112"
"2026-02-24T18","medium","61"
"2026-02-24T19","critical","9"
"2026-02-24T19","high","37"
"2026-02-24T19","low","109"
"2026-02-24T19","medium","71"
"2026-02-24T20","critical","9"
"2026-02-24T20","high","36"
"2026-02-24T20","low","100"
"2026-02-24T20","medium","65"
"2026-02-24T21","critical","10"
"2026-02-24T21","high","43"
"2026-02-24T21","low","114"
"2026-02-24T21","medium","74"
"2026-02-24T22","critical","7"
"2026-02-24T22","high","24"
"2026-02-24T22","low","103"
"2026-02-24T22","medium","49"
"2026-02-24T23","critical","12"
"2026-02-24T23","high","40"
"2026-02-24T23","low","112"
"2026-02-24T23","medium","64"
"2026-02-25T00","critical","14"
"2026-02-25T00","high","33"
"2026-02-25T00","low","91"
"2026-02-25T00","medium","66"
"2026-02-25T01","critical","11"
"2026-02-25T01","high","21"
"2026-02-25T01","low","99"
"2026-02-25T01","medium","65"
"2026-02-25T02","critical","10"
"2026-02-25T02","high","35"
"2026-02-25T02","low","96"
"2026-02-25T02","medium","64"
"2026-02-25T03","critical","8"
"2026-02-25T03","high","36"
"2026-02-25T03","low","107"
"2026-02-25T03","medium","86"
"2026-02-25T04","critical","10"
"2026-02-25T04","high","34"
"2026-02-25T04","low","105"
"2026-02-25T04","medium","60"
"2026-02-25T05","critical","12"
"2026-02-25T05","high","26"
"2026-02-25T05","low","99"
"2026-02-25T05","medium","69"
"2026-02-25T06","critical","8"
"2026-02-25T06","high","33"
"2026-02-25T06","low","106"
"2026-02-25T06","medium","54"
"2026-02-25T07","critical","14"
"2026-02-25T07","high","46"
"2026-02-25T07","low","97"
"2026-02-25T07","medium","72"
"2026-02-25T08","critical","12"
"2026-02-25T08","high","34"
"2026-02-25T08","low","119"
"2026-02-25T08","medium","55"
"2026-02-25T09","critical","10"
"2026-02-25T09","high","37"
"2026-02-25T09","low","106"
"2026-02-25T09","medium","63"
"2026-02-25T10","critical","6"
"2026-02-25T10","high","46"
"2026-02-25T10","low","122"
"2026-02-25T10","medium","53"
"2026-02-25T11","critical","8"
"2026-02-25T11","high","22"
"2026-02-25T11","low","127"
"2026-02-25T11","medium","58"
"2026-02-25T12","critical","11"
"2026-02-25T12","high","34"
"2026-02-25T12","low","98"
"2026-02-25T12","medium","59"
"2026-02-25T13","critical","9"
"2026-02-25T13","high","35"
"2026-02-25T13","low","102"
"2026-02-25T13","medium","57"
"2026-02-25T14","critical","10"
"2026-02-25T14","high","33"
"2026-02-25T14","low","84"
"2026-02-25T14","medium","62"
"2026-02-25T15","critical","11"
"2026-02-25T15","high","31"
"2026-02-25T15","low","113"
"2026-02-25T15","medium","60"
"2026-02-25T16","critical","12"
"2026-02-25T16","high","28"
"2026-02-25T16","low","99"
"2026-02-25T16","medium","55"
"2026-02-25T17","critical","1"
"2026-02-25T17","high","32"
"2026-02-25T17","low","106"
"2026-02-25T17","medium","62"
"2026-02-25T18","critical","9"
"2026-02-25T18","high","34"
"2026-02-25T18","low","106"
"2026-02-25T18","medium","73"
"2026-02-25T19","critical","13"
"2026-02-25T19","high","21"
"2026-02-25T19","low","112"
"2026-02-25T19","medium","64"
"2026-02-25T20","critical","12"
"2026-02-25T20","high","28"
"2026-02-25T20","low","88"
"2026-02-25T20","medium","51"
"2026-02-25T21","critical","13"
"2026-02-25T21","high","42"
"2026-02-25T21","low","97"
"2026-02-25T21","medium","70"
"2026-02-25T22","critical","7"
"2026-02-25T22","high","28"
"2026-02-25T22","low","96"
"2026-02-25T22","medium","55"
"2026-02-25T23","critical","7"
"2026-02-25T23","high","36"
"2026-02-25T23","low","109"
"2026-02-25T23","medium","60"
"2026-02-26T00","critical","15"
"2026-02-26T00","high","33"
"2026-02-26T00","low","100"
"2026-02-26T00","medium","45"
"2026-02-26T01","critical","12"
"2026-02-26T01","high","15"
"2026-02-26T01","low","103"
"2026-02-26T01","medium","69"
"2026-02-26T02","critical","14"
"2026-02-26T02","high","35"
"2026-02-26T02","low","119"
"2026-02-26T02","medium","62"
"2026-02-26T03","critical","17"
"2026-02-26T03","high","27"
"2026-02-26T03","low","92"
"2026-02-26T03","medium","69"
"2026-02-26T04","critical","13"
"2026-02-26T04","high","26"
"2026-02-26T04","low","111"
"2026-02-26T04","medium","49"
"2026-02-26T05","critical","12"
"2026-02-26T05","high","30"
"2026-02-26T05","low","100"
"2026-02-26T05","medium","73"
"2026-02-26T06","critical","12"
"2026-02-26T06","high","34"
"2026-02-26T06","low","88"
"2026-02-26T06","medium","55"
"2026-02-26T07","critical","9"
"2026-02-26T07","high","34"
"2026-02-26T07","low","103"
"2026-02-26T07","medium","60"
"2026-02-26T08","critical","9"
"2026-02-26T08","high","39"
"2026-02-26T08","low","108"
"2026-02-26T08","medium","71"
"2026-02-26T09","critical","9"
"2026-02-26T09","high","27"
"2026-02-26T09","low","119"
"2026-02-26T09","medium","78"
"2026-02-26T10","critical","9"
"2026-02-26T10","high","23"
"2026-02-26T10","low","104"
"2026-02-26T10","medium","54"
"2026-02-26T11","critical","9"
"2026-02-26T11","high","34"
"2026-02-26T11","low","109"
"2026-02-26T11","medium","52"
"2026-02-26T12","critical","12"
"2026-02-26T12","high","20"
"2026-02-26T12","low","111"
"2026-02-26T12","medium","69"
"2026-02-26T13","critical","4"
"2026-02-26T13","high","34"
"2026-02-26T13","low","108"
"2026-02-26T13","medium","69"
"2026-02-26T14","critical","11"
"2026-02-26T14","high","32"
"2026-02-26T14","low","91"
"2026-02-26T14","medium","62"
"2026-02-26T15","critical","8"
"2026-02-26T15","high","31"
"2026-02-26T15","low","113"
"2026-02-26T15","medium","58"
"2026-02-26T16","critical","8"
"2026-02-26T16","high","26"
"2026-02-26T16","low","113"
"2026-02-26T16","medium","62"
"2026-02-26T17","critical","11"
"2026-02-26T17","high","35"
"2026-02-26T17","low","95"
"2026-02-26T17","medium","68"
"2026-02-26T18","critical","13"
"2026-02-26T18","high","33"
"2026-02-26T18","low","109"
"2026-02-26T18","medium","68"
"2026-02-26T19","critical","10"
"2026-02-26T19","high","36"
"2026-02-26T19","low","116"
"2026-02-26T19","medium","62"
"2026-02-26T20","critical","8"
"2026-02-26T20","high","31"
"2026-02-26T20","low","117"
"2026-02-26T20","medium","59"
"2026-02-26T21","critical","10"
"2026-02-26T21","high","38"
"2026-02-26T21","low","96"
"2026-02-26T21","medium","51"
"2026-02-26T22","critical","10"
"2026-02-26T22","high","32"
"2026-02-26T22","low","104"
"2026-02-26T22","medium","61"
"2026-02-26T23","critical","9"
"2026-02-26T23","high","27"
"2026-02-26T23","low","104"
"2026-02-26T23","medium","55"
"2026-02-27T00","critical","14"
"2026-02-27T00","high","34"
"2026-02-27T00","low","96"
"2026-02-27T00","medium","74"
"2026-02-27T01","critical","7"
"2026-02-27T01","high","32"
"2026-02-27T01","low","119"
"2026-02-27T01","medium","60"
"2026-02-27T02","critical","9"
"2026-02-27T02","high","34"
"2026-02-27T02","low","121"
"2026-02-27T02","medium","58"
"2026-02-27T03","critical","7"
"2026-02-27T03","high","33"
"2026-02-27T03","low","114"
"2026-02-27T03","medium","47"
"2026-02-27T04","critical","15"
"2026-02-27T04","high","29"
"2026-02-27T04","low","100"
"2026-02-27T04","medium","63"
"2026-02-27T05","critical","12"
"2026-02-27T05","high","22"
"2026-02-27T05","low","110"
"2026-02-27T05","medium","54"
"2026-02-27T06","critical","9"
"2026-02-27T06","high","34"
"2026-02-27T06","low","124"
"2026-02-27T06","medium","52"
"2026-02-27T07","critical","15"
"2026-02-27T07","high","34"
"2026-02-27T07","low","124"
"2026-02-27T07","medium","68"
"2026-02-27T08","critical","13"
"2026-02-27T08","high","32"
"2026-02-27T08","low","103"
"2026-02-27T08","medium","59"
"2026-02-27T09","critical","10"
"2026-02-27T09","high","35"
"2026-02-27T09","low","115"
"2026-02-27T09","medium","56"
"2026-02-27T10","critical","9"
"2026-02-27T10","high","35"
"2026-02-27T10","low","107"
"2026-02-27T10","medium","55"
"2026-02-27T11","critical","9"
"2026-02-27T11","high","20"
"2026-02-27T11","low","91"
"2026-02-27T11","medium","55"
"2026-02-27T12","critical","14"
"2026-02-27T12","high","25"
"2026-02-27T12","low","91"
"2026-02-27T12","medium","60"
"2026-02-27T13","critical","10"
"2026-02-27T13","high","34"
"2026-02-27T13","low","110"
"2026-02-27T13","medium","54"
"2026-02-27T14","critical","11"
"2026-02-27T14","high","37"
"2026-02-27T14","low","125"
"2026-02-27T14","medium","72"
"2026-02-27T15","critical","12"
"2026-02-27T15","high","22"
"2026-02-27T15","low","115"
"2026-02-27T15","medium","62"
"2026-02-27T16","critical","13"
"2026-02-27T16","high","30"
"2026-02-27T16","low","90"
"2026-02-27T16","medium","57"
"2026-02-27T17","critical","17"
"2026-02-27T17","high","27"
"2026-02-27T17","low","105"
"2026-02-27T17","medium","62"
"2026-02-27T18","critical","11"
"2026-02-27T18","high","30"
"2026-02-27T18","low","87"
"2026-02-27T18","medium","64"
"2026-02-27T19","critical","7"
"2026-02-27T19","high","34"
"2026-02-27T19","low","100"
"2026-02-27T19","medium","67"
"2026-02-27T20","critical","11"
"2026-02-27T20","high","24"
"2026-02-27T20","low","104"
"2026-02-27T20","medium","54"
"2026-02-27T21","critical","12"
"2026-02-27T21","high","30"
"2026-02-27T21","low","102"
"2026-02-27T21","medium","53"
"2026-02-27T22","critical","9"
"2026-02-27T22","high","31"
"2026-02-27T22","low","124"
"2026-02-27T22","medium","58"
"2026-02-27T23","critical","13"
"2026-02-27T23","high","27"
"2026-02-27T23","low","100"
"2026-02-27T23","medium","65"
"2026-02-28T00","critical","7"
"2026-02-28T00","high","29"
"2026-02-28T00","low","98"
"2026-02-28T00","medium","64"
"2026-02-28T01","critical","15"
"2026-02-28T01","high","21"
"2026-02-28T01","low","90"
"2026-02-28T01","medium","50"
"2026-02-28T02","critical","11"
"2026-02-28T02","high","24"
"2026-02-28T02","low","118"
"2026-02-28T02","medium","61"
"2026-02-28T03","critical","6"
"2026-02-28T03","high","38"
"2026-02-28T03","low","111"
"2026-02-28T03","medium","70"
"2026-02-28T04","critical","12"
"2026-02-28T04","high","33"
"2026-02-28T04","low","89"
"2026-02-28T04","medium","60"
"2026-02-28T05","critical","6"
"2026-02-28T05","high","32"
"2026-02-28T05","low","89"
"2026-02-28T05","medium","55"
"2026-02-28T06","critical","12"
"2026-02-28T06","high","29"
"2026-02-28T06","low","93"
"2026-02-28T06","medium","64"
"2026-02-28T07","critical","11"
"2026-02-28T07","high","39"
"2026-02-28T07","low","101"
"2026-02-28T07","medium","72"
"2026-02-28T08","critical","9"
"2026-02-28T08","high","21"
"2026-02-28T08","low","101"
"2026-02-28T08","medium","62"
"2026-02-28T09","critical","13"
"2026-02-28T09","high","33"
"2026-02-28T09","low","108"
"2026-02-28T09","medium","71"
"2026-02-28T10","critical","8"
"2026-02-28T10","high","37"
"2026-02-28T10","low","119"
"2026-02-28T10","medium","55"
"2026-02-28T11","critical","9"
"2026-02-28T11","high","34"
"2026-02-28T11","low","114"
"2026-02-28T11","medium","76"
"2026-02-28T12","critical","12"
"2026-02-28T12","high","28"
"2026-02-28T12","low","115"
"2026-02-28T12","medium","61"
"2026-02-28T13","critical","8"
"2026-02-28T13","high","21"
"2026-02-28T13","low","97"
"2026-02-28T13","medium","62"
"2026-02-28T14","critical","4"
"2026-02-28T14","high","32"
"2026-02-28T14","low","114"
"2026-02-28T14","medium","53"
"2026-02-28T15","critical","6"
"2026-02-28T15","high","29"
"2026-02-28T15","low","101"
"2026-02-28T15","medium","57"
"2026-02-28T16","critical","6"
"2026-02-28T16","high","21"
"2026-02-28T16","low","107"
"2026-02-28T16","medium","71"
"2026-02-28T17","critical","11"
"2026-02-28T17","high","27"
"2026-02-28T17","low","92"
"2026-02-28T17","medium","77"
"2026-02-28T18","critical","11"
"2026-02-28T18","high","39"
"2026-02-28T18","low","103"
"2026-02-28T18","medium","76"
"2026-02-28T19","critical","14"
"2026-02-28T19","high","27"
"2026-02-28T19","low","124"
"2026-02-28T19","medium","62"
"2026-02-28T20","critical","8"
"2026-02-28T20","high","30"
"2026-02-28T20","low","91"
"2026-02-28T20","medium","64"
"2026-02-28T21","critical","14"
"2026-02-28T21","high","31"
"2026-02-28T21","low","114"
"2026-02-28T21","medium","64"
"2026-02-28T22","critical","9"
"2026-02-28T22","high","45"
"2026-02-28T22","low","101"
"2026-02-28T22","medium","54"
"2026-02-28T23","critical","11"
"2026-02-28T23","high","31"
"2026-02-28T23","low","127"
"2026-02-28T23","medium","58"
"2026-03-01T00","critical","10"
"2026-03-01T00","high","23"
"2026-03-01T00","low","113"
"2026-03-01T00","medium","56"
"2026-03-01T01","critical","9"
"2026-03-01T01","high","22"
"2026-03-01T01","low","108"
"2026-03-01T01","medium","60"
"2026-03-01T02","critical","7"
"2026-03-01T02","high","26"
"2026-03-01T02","low","111"
"2026-03-01T02","medium","64"
"2026-03-01T03","critical","11"
"2026-03-01T03","high","34"
"2026-03-01T03","low","92"
"2026-03-01T03","medium","65"
"2026-03-01T04","critical","15"
"2026-03-01T04","high","28"
"2026-03-01T04","low","98"
"2026-03-01T04","medium","62"
"2026-03-01T05","critical","10"
"2026-03-01T05","high","27"
"2026-03-01T05","low","98"
"2026-03-01T05","medium","64"
"2026-03-01T06","critical","15"
"2026-03-01T06","high","31"
"2026-03-01T06","low","101"
"2026-03-01T06","medium","74"
"2026-03-01T07","critical","10"
"2026-03-01T07","high","34"
"2026-03-01T07","low","97"
"2026-03-01T07","medium","68"
"2026-03-01T08","critical","11"
"2026-03-01T08","high","22"
"2026-03-01T08","low","101"
"2026-03-01T08","medium","59"
"2026-03-01T09","critical","8"
"2026-03-01T09","high","44"
"2026-03-01T09","low","93"
"2026-03-01T09","medium","57"
"2026-03-01T10","critical","7"
"2026-03-01T10","high","27"
"2026-03-01T10","low","105"
"2026-03-01T10","medium","60"
"2026-03-01T11","critical","15"
"2026-03-01T11","high","28"
"2026-03-01T11","low","93"
"2026-03-01T11","medium","57"
"2026-03-01T12","critical","5"
"2026-03-01T12","high","27"
"2026-03-01T12","low","110"
"2026-03-01T12","medium","58"
"2026-03-01T13","critical","14"
"2026-03-01T13","high","16"
"2026-03-01T13","low","112"
"2026-03-01T13","medium","72"
"2026-03-01T14","critical","7"
"2026-03-01T14","high","38"
"2026-03-01T14","low","107"
"2026-03-01T14","medium","84"
"2026-03-01T15","critical","14"
"2026-03-01T15","high","38"
"2026-03-01T15","low","120"
"2026-03-01T15","medium","59"
"2026-03-01T16","critical","6"
"2026-03-01T16","high","33"
"2026-03-01T16","low","111"
"2026-03-01T16","medium","62"
"2026-03-01T17","critical","13"
"2026-03-01T17","high","35"
"2026-03-01T17","low","100"
"2026-03-01T17","medium","64"
"2026-03-01T18","critical","11"
"2026-03-01T18","high","22"
"2026-03-01T18","low","114"
"2026-03-01T18","medium","67"
"2026-03-01T19","critical","10"
"2026-03-01T19","high","28"
"2026-03-01T19","low","111"
"2026-03-01T19","medium","60"
"2026-03-01T20","critical","12"
"2026-03-01T20","high","26"
"2026-03-01T20","low","113"
"2026-03-01T20","medium","66"
"2026-03-01T21","critical","12"
"2026-03-01T21","high","33"
"2026-03-01T21","low","110"
"2026-03-01T21","medium","66"
"2026-03-01T22","critical","7"
"2026-03-01T22","high","22"
"2026-03-01T22","low","97"
"2026-03-01T22","medium","63"
"2026-03-01T23","critical","7"
"2026-03-01T23","high","23"
"2026-03-01T23","low","111"
"2026-03-01T23","medium","74"
"2026-03-02T00","critical","13"
"2026-03-02T00","high","33"
"2026-03-02T00","low","100"
"2026-03-02T00","medium","54"
"2026-03-02T01","critical","6"
"2026-03-02T01","high","36"
"2026-03-02T01","low","99"
"2026-03-02T01","medium","69"
"2026-03-02T02","critical","10"
"2026-03-02T02","high","26"
"2026-03-02T02","low","118"
"2026-03-02T02","medium","70"
"2026-03-02T03","critical","9"
"2026-03-02T03","high","39"
"2026-03-02T03","low","94"
"2026-03-02T03","medium","65"
"2026-03-02T04","critical","9"
"2026-03-02T04","high","22"
"2026-03-02T04","low","123"
"2026-03-02T04","medium","54"
"2026-03-02T05","critical","11"
"2026-03-02T05","high","27"
"2026-03-02T05","low","103"
"2026-03-02T05","medium","65"
"2026-03-02T06","critical","7"
"2026-03-02T06","high","48"
"2026-03-02T06","low","120"
"2026-03-02T06","medium","59"
"2026-03-02T07","critical","15"
"2026-03-02T07","high","30"
"2026-03-02T07","low","108"
"2026-03-02T07","medium","67"
"2026-03-02T08","critical","12"
"2026-03-02T08","high","27"
"2026-03-02T08","low","113"
"2026-03-02T08","medium","71"
"2026-03-02T09","critical","13"
"2026-03-02T09","high","33"
"2026-03-02T09","low","109"
"2026-03-02T09","medium","60"
"2026-03-02T10","critical","16"
"2026-03-02T10","high","28"
"2026-03-02T10","low","87"
"2026-03-02T10","medium","72"
"2026-03-02T11","critical","3"
"2026-03-02T11","high","30"
"2026-03-02T11","low","105"
"2026-03-02T11","medium","65"
"2026-03-02T12","critical","7"
"2026-03-02T12","high","32"
"2026-03-02T12","low","106"
"2026-03-02T12","medium","57"
"2026-03-02T13","critical","11"
"2026-03-02T13","high","31"
"2026-03-02T13","low","97"
"2026-03-02T13","medium","53"
"2026-03-02T14","critical","12"
"2026-03-02T14","high","26"
"2026-03-02T14","low","78"
"2026-03-02T14","medium","60"
"2026-03-02T15","critical","13"
"2026-03-02T15","high","30"
"2026-03-02T15","low","100"
"2026-03-02T15","medium","51"
"2026-03-02T16","critical","7"
"2026-03-02T16","high","39"
"2026-03-02T16","low","103"
"2026-03-02T16","medium","72"
"2026-03-02T17","critical","16"
"2026-03-02T17","high","32"
"2026-03-02T17","low","118"
"2026-03-02T17","medium","59"
"2026-03-02T18","critical","13"
"2026-03-02T18","high","30"
"2026-03-02T18","low","90"
"2026-03-02T18","medium","71"
"2026-03-02T19","critical","17"
"2026-03-02T19","high","31"
"2026-03-02T19","low","97"
"2026-03-02T19","medium","59"
"2026-03-02T20","critical","12"
"2026-03-02T20","high","39"
"2026-03-02T20","low","98"
"2026-03-02T20","medium","59"
"2026-03-02T21","critical","7"
"2026-03-02T21","high","23"
"2026-03-02T21","low","89"
"2026-03-02T21","medium","58"
"2026-03-02T22","critical","8"
"2026-03-02T22","high","37"
"2026-03-02T22","low","128"
"2026-03-02T22","medium","63"
"2026-03-02T23","critical","8"
"2026-03-02T23","high","30"
"2026-03-02T23","low","104"
"2026-03-02T23","medium","66"
"2026-03-03T00","critical","13"
"2026-03-03T00","high","24"
"2026-03-03T00","low","108"
"2026-03-03T00","medium","53"
"2026-03-03T01","critical","14"
"2026-03-03T01","high","37"
"2026-03-03T01","low","114"
"2026-03-03T01","medium","77"
"2026-03-03T02","critical","13"
"2026-03-03T02","high","19"
"2026-03-03T02","low","102"
"2026-03-03T02","medium","62"
"2026-03-03T03","critical","14"
"2026-03-03T03","high","26"
"2026-03-03T03","low","113"
"2026-03-03T03","medium","67"
"2026-03-03T04","critical","10"
"2026-03-03T04","high","43"
"2026-03-03T04","low","104"
"2026-03-03T04","medium","72"
"2026-03-03T05","critical","11"
"2026-03-03T05","high","34"
"2026-03-03T05","low","96"
"2026-03-03T05","medium","55"
"2026-03-03T06","critical","11"
"2026-03-03T06","high","32"
"2026-03-03T06","low","89"
"2026-03-03T06","medium","55"
"2026-03-03T07","critical","12"
"2026-03-03T07","high","36"
"2026-03-03T07","low","110"
"2026-03-03T07","medium","77"
"2026-03-03T08","critical","12"
"2026-03-03T08","high","31"
"2026-03-03T08","low","85"
"2026-03-03T08","medium","73"
"2026-03-03T09","critical","10"
"2026-03-03T09","high","30"
"2026-03-03T09","low","120"
"2026-03-03T09","medium","57"
"2026-03-03T10","critical","12"
"2026-03-03T10","high","30"
"2026-03-03T10","low","92"
"2026-03-03T10","medium","53"
"2026-03-03T11","critical","9"
"2026-03-03T11","high","31"
"2026-03-03T11","low","96"
"2026-03-03T11","medium","60"
"2026-03-03T12","critical","7"
"2026-03-03T12","high","30"
"2026-03-03T12","low","98"
"2026-03-03T12","medium","65"
"2026-03-03T13","critical","11"
"2026-03-03T13","high","34"
"2026-03-03T13","low","102"
"2026-03-03T13","medium","67"
"2026-03-03T14","critical","3"
"2026-03-03T14","high","33"
"2026-03-03T14","low","124"
"2026-03-03T14","medium","63"
"2026-03-03T15","critical","13"
"2026-03-03T15","high","29"
"2026-03-03T15","low","108"
"2026-03-03T15","medium","71"
"2026-03-03T16","critical","9"
"2026-03-03T16","high","33"
"2026-03-03T16","low","94"
"2026-03-03T16","medium","60"
"2026-03-03T17","critical","6"
"2026-03-03T17","high","33"
"2026-03-03T17","low","108"
"2026-03-03T17","medium","69"
"2026-03-03T18","critical","8"
"2026-03-03T18","high","26"
"2026-03-03T18","low","119"
"2026-03-03T18","medium","55"
"2026-03-03T19","critical","10"
"2026-03-03T19","high","49"
"2026-03-03T19","low","104"
"2026-03-03T19","medium","69"
"2026-03-03T20","critical","14"
"2026-03-03T20","high","25"
"2026-03-03T20","low","94"
"2026-03-03T20","medium","59"
"2026-03-03T21","critical","15"
"2026-03-03T21","high","28"
"2026-03-03T21","low","107"
"2026-03-03T21","medium","54"
"2026-03-03T22","critical","10"
"2026-03-03T22","high","34"
"2026-03-03T22","low","94"
"2026-03-03T22","medium","57"
"2026-03-03T23","critical","9"
"2026-03-03T23","high","26"
"2026-03-03T23","low","107"
"2026-03-03T23","medium","53"
"2026-03-04T00","critical","9"
"2026-03-04T00","high","33"
"2026-03-04T00","low","101"
"2026-03-04T00","medium","68"
"2026-03-04T01","critical","11"
"2026-03-04T01","high","37"
"2026-03-04T01","low","90"
"2026-03-04T01","medium","66"
"2026-03-04T02","critical","16"
"2026-03-04T02","high","37"
"2026-03-04T02","low","107"
"2026-03-04T02","medium","55"
"2026-03-04T03","critical","10"
"2026-03-04T03","high","34"
"2026-03-04T03","low","117"
"2026-03-04T03","medium","64"
"2026-03-04T04","critical","12"
"2026-03-04T04","high","31"
"2026-03-04T04","low","97"
"2026-03-04T04","medium","53"
"2026-03-04T05","critical","16"
"2026-03-04T05","high","23"
"2026-03-04T05","low","102"
"2026-03-04T05","medium","67"
"2026-03-04T06","critical","15"
"2026-03-04T06","high","25"
"2026-03-04T06","low","126"
"2026-03-04T06","medium","59"
"2026-03-04T07","critical","11"
"2026-03-04T07","high","18"
"2026-03-04T07","low","110"
"2026-03-04T07","medium","49"
"2026-03-04T08","critical","8"
"2026-03-04T08","high","33"
"2026-03-04T08","low","108"
"2026-03-04T08","medium","58"
"2026-03-04T09","critical","10"
"2026-03-04T09","high","26"
"2026-03-04T09","low","130"
"2026-03-04T09","medium","67"
"2026-03-04T10","critical","3"
"2026-03-04T10","high","19"
"2026-03-04T10","low","100"
"2026-03-04T10","medium","62"
"2026-03-04T11","critical","12"
"2026-03-04T11","high","37"
"2026-03-04T11","low","96"
"2026-03-04T11","medium","61"
"2026-03-04T12","critical","4"
"2026-03-04T12","high","42"
"2026-03-04T12","low","113"
"2026-03-04T12","medium","68"
"2026-03-04T13","critical","19"
"2026-03-04T13","high","27"
"2026-03-04T13","low","117"
"2026-03-04T13","medium","65"
"2026-03-04T14","critical","16"
"2026-03-04T14","high","30"
"2026-03-04T14","low","99"
"2026-03-04T14","medium","62"
"2026-03-04T15","critical","7"
"2026-03-04T15","high","32"
"2026-03-04T15","low","103"
"2026-03-04T15","medium","71"
"2026-03-04T16","critical","8"
"2026-03-04T16","high","37"
"2026-03-04T16","low","113"
"2026-03-04T16","medium","66"
"2026-03-04T17","critical","4"
"2026-03-04T17","high","27"
"2026-03-04T17","low","101"
"2026-03-04T17","medium","63"
"2026-03-04T18","critical","5"
"2026-03-04T18","high","26"
"2026-03-04T18","low","105"
"2026-03-04T18","medium","53"
"2026-03-04T19","critical","10"
"2026-03-04T19","high","38"
"2026-03-04T19","low","98"
"2026-03-04T19","medium","57"
"2026-03-04T20","critical","16"
"2026-03-04T20","high","34"
"2026-03-04T20","low","92"
"2026-03-04T20","medium","63"
"2026-03-04T21","critical","10"
"2026-03-04T21","high","26"
"2026-03-04T21","low","100"
"2026-03-04T21","medium","68"
"2026-03-04T22","critical","4"
"2026-03-04T22","high","40"
"2026-03-04T22","low","99"
"2026-03-04T22","medium","63"
"2026-03-04T23","critical","13"
"2026-03-04T23","high","31"
"2026-03-04T23","low","96"
"2026-03-04T23","medium","60"
"2026-03-05T00","critical","13"
"2026-03-05T00","high","32"
"2026-03-05T00","low","76"
"2026-03-05T00","medium","78"
"2026-03-05T01","critical","7"
"2026-03-05T01","high","31"
"2026-03-05T01","low","103"
"2026-03-05T01","medium","71"
"2026-03-05T02","critical","8"
"2026-03-05T02","high","48"
"2026-03-05T02","low","122"
"2026-03-05T02","medium","66"
"2026-03-05T03","critical","17"
"2026-03-05T03","high","21"
"2026-03-05T03","low","110"
"2026-03-05T03","medium","57"
"2026-03-05T04","critical","12"
"2026-03-05T04","high","30"
"2026-03-05T04","low","97"
"2026-03-05T04","medium","68"
"2026-03-05T05","critical","12"
"2026-03-05T05","high","28"
"2026-03-05T05","low","122"
"2026-03-05T05","medium","59"
"2026-03-05T06","critical","6"
"2026-03-05T06","high","34"
"2026-03-05T06","low","100"
"2026-03-05T06","medium","74"
"2026-03-05T07","critical","10"
"2026-03-05T07","high","43"
"2026-03-05T07","low","108"
"2026-03-05T07","medium","42"
"2026-03-05T08","critical","9"
"2026-03-05T08","high","32"
"2026-03-05T08","low","104"
"2026-03-05T08","medium","55"
"2026-03-05T09","critical","7"
"2026-03-05T09","high","30"
"2026-03-05T09","low","95"
"2026-03-05T09","medium","67"
"2026-03-05T10","critical","18"
"2026-03-05T10","high","25"
"2026-03-05T10","low","103"
"2026-03-05T10","medium","50"
"2026-03-05T11","critical","2"
"2026-03-05T11","high","26"
"2026-03-05T11","low","95"
"2026-03-05T11","medium","59"
"2026-03-05T12","critical","12"
"2026-03-05T12","high","31"
"2026-03-05T12","low","96"
"2026-03-05T12","medium","63"
"2026-03-05T13","critical","9"
"2026-03-05T13","high","36"
"2026-03-05T13","low","93"
"2026-03-05T13","medium","63"
"2026-03-05T14","critical","11"
"2026-03-05T14","high","34"
"2026-03-05T14","low","126"
"2026-03-05T14","medium","55"
"2026-03-05T15","critical","9"
"2026-03-05T15","high","27"
"2026-03-05T15","low","101"
"2026-03-05T15","medium","51"
"2026-03-05T16","critical","14"
"2026-03-05T16","high","35"
"2026-03-05T16","low","97"
"2026-03-05T16","medium","60"
"2026-03-05T17","critical","12"
"2026-03-05T17","high","30"
"2026-03-05T17","low","93"
"2026-03-05T17","medium","72"
"2026-03-05T18","critical","11"
"2026-03-05T18","high","39"
"2026-03-05T18","low","96"
"2026-03-05T18","medium","70"
"2026-03-05T19","critical","11"
"2026-03-05T19","high","33"
"2026-03-05T19","low","97"
"2026-03-05T19","medium","67"
"2026-03-05T20","critical","14"
"2026-03-05T20","high","28"
"2026-03-05T20","low","97"
"2026-03-05T20","medium","69"
"2026-03-05T21","critical","13"
"2026-03-05T21","high","25"
"2026-03-05T21","low","115"
"2026-03-05T21","medium","60"
"2026-03-05T22","critical","16"
"2026-03-05T22","high","34"
"2026-03-05T22","low","106"
"2026-03-05T22","medium","56"
"2026-03-05T23","critical","8"
"2026-03-05T23","high","43"
"2026-03-05T23","low","116"
"2026-03-05T23","medium","64"
"2026-03-06T00","critical","10"
"2026-03-06T00","high","30"
"2026-03-06T00","low","106"
"2026-03-06T00","medium","62"
"2026-03-06T01","critical","16"
"2026-03-06T01","high","37"
"2026-03-06T01","low","98"
"2026-03-06T01","medium","80"
"2026-03-06T02","critical","13"
"2026-03-06T02","high","31"
"2026-03-06T02","low","96"
"2026-03-06T02","medium","51"
"2026-03-06T03","critical","11"
"2026-03-06T03","high","27"
"2026-03-06T03","low","117"
"2026-03-06T03","medium","57"
"2026-03-06T04","critical","9"
"2026-03-06T04","high","33"
"2026-03-06T04","low","97"
"2026-03-06T04","medium","65"
"2026-03-06T05","critical","11"
"2026-03-06T05","high","43"
"2026-03-06T05","low","82"
"2026-03-06T05","medium","53"
"2026-03-06T06","critical","10"
"2026-03-06T06","high","25"
"2026-03-06T06","low","113"
"2026-03-06T06","medium","57"
"2026-03-06T07","critical","10"
"2026-03-06T07","high","28"
"2026-03-06T07","low","88"
"2026-03-06T07","medium","53"
"2026-03-06T08","critical","11"
"2026-03-06T08","high","26"
"2026-03-06T08","low","112"
"2026-03-06T08","medium","52"
"2026-03-06T09","critical","15"
"2026-03-06T09","high","30"
"2026-03-06T09","low","120"
"2026-03-06T09","medium","61"
"2026-03-06T10","critical","7"
"2026-03-06T10","high","39"
"2026-03-06T10","low","115"
"2026-03-06T10","medium","62"
"2026-03-06T11","critical","8"
"2026-03-06T11","high","24"
"2026-03-06T11","low","129"
"2026-03-06T11","medium","68"
"2026-03-06T12","critical","10"
"2026-03-06T12","high","33"
"2026-03-06T12","low","99"
"2026-03-06T12","medium","73"
"2026-03-06T13","critical","9"
"2026-03-06T13","high","20"
"2026-03-06T13","low","98"
"2026-03-06T13","medium","62"
"2026-03-06T14","critical","8"
"2026-03-06T14","high","23"
"2026-03-06T14","low","96"
"2026-03-06T14","medium","77"
"2026-03-06T15","critical","13"
"2026-03-06T15","high","34"
"2026-03-06T15","low","99"
"2026-03-06T15","medium","65"
"2026-03-06T16","critical","14"
"2026-03-06T16","high","34"
"2026-03-06T16","low","106"
"2026-03-06T16","medium","78"
"2026-03-06T17","critical","8"
"2026-03-06T17","high","35"
"2026-03-06T17","low","98"
"2026-03-06T17","medium","64"
"2026-03-06T18","critical","10"
"2026-03-06T18","high","31"
"2026-03-06T18","low","107"
"2026-03-06T18","medium","62"
"2026-03-06T19","critical","11"
"2026-03-06T19","high","25"
"2026-03-06T19","low","120"
"2026-03-06T19","medium","56"
"2026-03-06T20","critical","12"
"2026-03-06T20","high","40"
"2026-03-06T20","low","89"
"2026-03-06T20","medium","55"
"2026-03-06T21","critical","12"
"2026-03-06T21","high","31"
"2026-03-06T21","low","97"
"2026-03-06T21","medium","58"
"2026-03-06T22","critical","7"
"2026-03-06T22","high","33"
"2026-03-06T22","low","97"
"2026-03-06T22","medium","57"
"2026-03-06T23","critical","16"
"2026-03-06T23","high","34"
"2026-03-06T23","low","121"
"2026-03-06T23","medium","65"
"2026-03-07T00","critical","13"
"2026-03-07T00","high","33"
"2026-03-07T00","low","98"
"2026-03-07T00","medium","64"
"2026-03-07T01","critical","9"
"2026-03-07T01","high","38"
"2026-03-07T01","low","114"
"2026-03-07T01","medium","57"
"2026-03-07T02","critical","5"
"2026-03-07T02","high","39"
"2026-03-07T02","low","108"
"2026-03-07T02","medium","50"
"2026-03-07T03","critical","8"
"2026-03-07T03","high","41"
"2026-03-07T03","low","88"
"2026-03-07T03","medium","72"
"2026-03-07T04","critical","8"
"2026-03-07T04","high","26"
"2026-03-07T04","low","116"
"2026-03-07T04","medium","62"
"2026-03-07T05","critical","11"
"2026-03-07T05","high","27"
"2026-03-07T05","low","105"
"2026-03-07T05","medium","51"
"2026-03-07T06","critical","12"
"2026-03-07T06","high","36"
"2026-03-07T06","low","103"
"2026-03-07T06","medium","67"
"2026-03-07T07","critical","14"
"2026-03-07T07","high","24"
"2026-03-07T07","low","104"
"2026-03-07T07","medium","56"
"2026-03-07T08","critical","6"
"2026-03-07T08","high","33"
"2026-03-07T08","low","127"
"2026-03-07T08","medium","63"
"2026-03-07T09","critical","8"
"2026-03-07T09","high","39"
"2026-03-07T09","low","101"
"2026-03-07T09","medium","63"
"2026-03-07T10","critical","8"
"2026-03-07T10","high","29"
"2026-03-07T10","low","116"
"2026-03-07T10","medium","70"
"2026-03-07T11","critical","9"
"2026-03-07T11","high","26"
"2026-03-07T11","low","103"
"2026-03-07T11","medium","59"
"2026-03-07T12","critical","14"
"2026-03-07T12","high","22"
"2026-03-07T12","low","108"
"2026-03-07T12","medium","48"
"2026-03-07T13","critical","15"
"2026-03-07T13","high","34"
"2026-03-07T13","low","121"
"2026-03-07T13","medium","59"
"2026-03-07T14","critical","9"
"2026-03-07T14","high","25"
"2026-03-07T14","low","111"
"2026-03-07T14","medium","56"
"2026-03-07T15","critical","15"
"2026-03-07T15","high","30"
"2026-03-07T15","low","104"
"2026-03-07T15","medium","55"
"2026-03-07T16","critical","14"
"2026-03-07T16","high","26"
"2026-03-07T16","low","109"
"2026-03-07T16","medium","56"
"2026-03-07T17","critical","12"
"2026-03-07T17","high","30"
"2026-03-07T17","low","108"
"2026-03-07T17","medium","64"
"2026-03-07T18","critical","10"
"2026-03-07T18","high","29"
"2026-03-07T18","low","115"
"2026-03-07T18","medium","57"
"2026-03-07T19","critical","8"
"2026-03-07T19","high","37"
"2026-03-07T19","low","109"
"2026-03-07T19","medium","62"
"2026-03-07T20","critical","13"
"2026-03-07T20","high","19"
"2026-03-07T20","low","95"
"2026-03-07T20","medium","57"
"2026-03-07T21","critical","8"
"2026-03-07T21","high","27"
"2026-03-07T21","low","102"
"2026-03-07T21","medium","65"
"2026-03-07T22","critical","10"
"2026-03-07T22","high","20"
"2026-03-07T22","low","120"
"2026-03-07T22","medium","61"
"2026-03-07T23","critical","15"
"2026-03-07T23","high","37"
"2026-03-07T23","low","97"
"2026-03-07T23","medium","63"
"2026-03-08T00","critical","11"
"2026-03-08T00","high","30"
"2026-03-08T00","low","96"
"2026-03-08T00","medium","72"
"2026-03-08T01","critical","7"
"2026-03-08T01","high","25"
"2026-03-08T01","low","92"
"2026-03-08T01","medium","61"
"2026-03-08T02","critical","5"
"2026-03-08T02","high","32"
"2026-03-08T02","low","101"
"2026-03-08T02","medium","69"
"2026-03-08T03","critical","8"
"2026-03-08T03","high","30"
"2026-03-08T03","low","105"
"2026-03-08T03","medium","78"
"2026-03-08T04","critical","13"
"2026-03-08T04","high","30"
"2026-03-08T04","low","102"
"2026-03-08T04","medium","71"
"2026-03-08T05","critical","12"
"2026-03-08T05","high","36"
"2026-03-08T05","low","84"
"2026-03-08T05","medium","68"
"2026-03-08T06","critical","14"
"2026-03-08T06","high","28"
"2026-03-08T06","low","107"
"2026-03-08T06","medium","81"
"2026-03-08T07","critical","10"
"2026-03-08T07","high","38"
"2026-03-08T07","low","79"
"2026-03-08T07","medium","70"
"2026-03-08T08","critical","10"
"2026-03-08T08","high","25"
"2026-03-08T08","low","114"
"2026-03-08T08","medium","59"
"2026-03-08T09","critical","4"
"2026-03-08T09","high","27"
"2026-03-08T09","low","101"
"2026-03-08T09","medium","76"
"2026-03-08T10","critical","7"
"2026-03-08T10","high","26"
"2026-03-08T10","low","104"
"2026-03-08T10","medium","70"
"2026-03-08T11","critical","9"
"2026-03-08T11","high","29"
"2026-03-08T11","low","106"
"2026-03-08T11","medium","59"
"2026-03-08T12","critical","15"
"2026-03-08T12","high","33"
"2026-03-08T12","low","104"
"2026-03-08T12","medium","61"
"2026-03-08T13","critical","11"
"2026-03-08T13","high","25"
"2026-03-08T13","low","107"
"2026-03-08T13","medium","65"
"2026-03-08T14","critical","4"
"2026-03-08T14","high","30"
"2026-03-08T14","low","107"
"2026-03-08T14","medium","63"
"2026-03-08T15","critical","17"
"2026-03-08T15","high","36"
"2026-03-08T15","low","104"
"2026-03-08T15","medium","67"
"2026-03-08T16","critical","17"
"2026-03-08T16","high","30"
"2026-03-08T16","low","106"
"2026-03-08T16","medium","68"
"2026-03-08T17","critical","8"
"2026-03-08T17","high","30"
"2026-03-08T17","low","112"
"2026-03-08T17","medium","68"
"2026-03-08T18","critical","16"
"2026-03-08T18","high","38"
"2026-03-08T18","low","90"
"2026-03-08T18","medium","52"
"2026-03-08T19","critical","9"
"2026-03-08T19","high","36"
"2026-03-08T19","low","98"
"2026-03-08T19","medium","56"
"2026-03-08T20","critical","13"
"2026-03-08T20","high","35"
"2026-03-08T20","low","102"
"2026-03-08T20","medium","69"
"2026-03-08T21","critical","14"
"2026-03-08T21","high","28"
"2026-03-08T21","low","107"
"2026-03-08T21","medium","55"
"2026-03-08T22","critical","7"
"2026-03-08T22","high","32"
"2026-03-08T22","low","104"
"2026-03-08T22","medium","61"
"2026-03-08T23","critical","8"
"2026-03-08T23","high","26"
"2026-03-08T23","low","106"
"2026-03-08T23","medium","59"
"2026-03-09T00","critical","6"
"2026-03-09T00","high","36"
"2026-03-09T00","low","91"
"2026-03-09T00","medium","62"
"2026-03-09T01","critical","11"
"2026-03-09T01","high","27"
"2026-03-09T01","low","99"
"2026-03-09T01","medium","62"
"2026-03-09T02","critical","7"
"2026-03-09T02","high","35"
"2026-03-09T02","low","108"
"2026-03-09T02","medium","62"
"2026-03-09T03","critical","14"
"2026-03-09T03","high","37"
"2026-03-09T03","low","80"
"2026-03-09T03","medium","55"
"2026-03-09T04","critical","13"
"2026-03-09T04","high","19"
"2026-03-09T04","low","109"
"2026-03-09T04","medium","57"
"2026-03-09T05","critical","11"
"2026-03-09T05","high","30"
"2026-03-09T05","low","84"
"2026-03-09T05","medium","59"
"2026-03-09T06","critical","11"
"2026-03-09T06","high","45"
"2026-03-09T06","low","100"
"2026-03-09T06","medium","66"
"2026-03-09T07","critical","12"
"2026-03-09T07","high","33"
"2026-03-09T07","low","108"
"2026-03-09T07","medium","64"
"2026-03-09T08","critical","13"
"2026-03-09T08","high","40"
"2026-03-09T08","low","107"
"2026-03-09T08","medium","52"
"2026-03-09T09","critical","14"
"2026-03-09T09","high","39"
"2026-03-09T09","low","120"
"2026-03-09T09","medium","60"
"2026-03-09T10","critical","14"
"2026-03-09T10","high","37"
"2026-03-09T10","low","110"
"2026-03-09T10","medium","61"
"2026-03-09T11","critical","13"
"2026-03-09T11","high","40"
"2026-03-09T11","low","98"
"2026-03-09T11","medium","85"
"2026-03-09T12","critical","9"
"2026-03-09T12","high","24"
"2026-03-09T12","low","100"
"2026-03-09T12","medium","59"
"2026-03-09T13","critical","19"
"2026-03-09T13","high","30"
"2026-03-09T13","low","103"
"2026-03-09T13","medium","59"
"2026-03-09T14","critical","13"
"2026-03-09T14","high","33"
"2026-03-09T14","low","110"
"2026-03-09T14","medium","71"
"2026-03-09T15","critical","7"
"2026-03-09T15","high","31"
"2026-03-09T15","low","111"
"2026-03-09T15","medium","62"
"2026-03-09T16","critical","5"
"2026-03-09T16","high","29"
"2026-03-09T16","low","126"
"2026-03-09T16","medium","55"
"2026-03-09T17","critical","10"
"2026-03-09T17","high","33"
"2026-03-09T17","low","89"
"2026-03-09T17","medium","58"
"2026-03-09T18","critical","15"
"2026-03-09T18","high","28"
"2026-03-09T18","low","122"
"2026-03-09T18","medium","56"
"2026-03-09T19","critical","8"
"2026-03-09T19","high","28"
"2026-03-09T19","low","94"
"2026-03-09T19","medium","57"
"2026-03-09T20","critical","9"
"2026-03-09T20","high","26"
"2026-03-09T20","low","115"
"2026-03-09T20","medium","73"
"2026-03-09T21","critical","7"
"2026-03-09T21","high","30"
"2026-03-09T21","low","112"
"2026-03-09T21","medium","64"
"2026-03-09T22","critical","15"
"2026-03-09T22","high","23"
"2026-03-09T22","low","103"
"2026-03-09T22","medium","43"
"2026-03-09T23","critical","11"
"2026-03-09T23","high","32"
"2026-03-09T23","low","99"
"2026-03-09T23","medium","68"
"2026-03-10T00","critical","5"
"2026-03-10T00","high","36"
"2026-03-10T00","low","108"
"2026-03-10T00","medium","61"
"2026-03-10T01","critical","10"
"2026-03-10T01","high","30"
"2026-03-10T01","low","92"
"2026-03-10T01","medium","61"
"2026-03-10T02","critical","5"
"2026-03-10T02","high","30"
"2026-03-10T02","low","112"
"2026-03-10T02","medium","63"
"2026-03-10T03","critical","15"
"2026-03-10T03","high","33"
"2026-03-10T03","low","90"
"2026-03-10T03","medium","47"
"2026-03-10T04","critical","11"
"2026-03-10T04","high","37"
"2026-03-10T04","low","90"
"2026-03-10T04","medium","78"
"2026-03-10T05","critical","11"
"2026-03-10T05","high","25"
"2026-03-10T05","low","112"
"2026-03-10T05","medium","73"
"2026-03-10T06","critical","11"
"2026-03-10T06","high","27"
"2026-03-10T06","low","105"
"2026-03-10T06","medium","48"
"2026-03-10T07","critical","11"
"2026-03-10T07","high","31"
"2026-03-10T07","low","114"
"2026-03-10T07","medium","68"
"2026-03-10T08","critical","13"
"2026-03-10T08","high","31"
"2026-03-10T08","low","124"
"2026-03-10T08","medium","61"
"2026-03-10T09","critical","8"
"2026-03-10T09","high","26"
"2026-03-10T09","low","117"
"2026-03-10T09","medium","58"
"2026-03-10T10","critical","15"
"2026-03-10T10","high","29"
"2026-03-10T10","low","95"
"2026-03-10T10","medium","66"
"2026-03-10T11","critical","19"
"2026-03-10T11","high","28"
"2026-03-10T11","low","101"
"2026-03-10T11","medium","49"
"2026-03-10T12","critical","9"
"2026-03-10T12","high","26"
"2026-03-10T12","low","110"
"2026-03-10T12","medium","54"
"2026-03-10T13","critical","9"
"2026-03-10T13","high","34"
"2026-03-10T13","low","123"
"2026-03-10T13","medium","62"
"2026-03-10T14","critical","9"
"2026-03-10T14","high","22"
"2026-03-10T14","low","116"
"2026-03-10T14","medium","53"
"2026-03-10T15","critical","7"
"2026-03-10T15","high","27"
"2026-03-10T15","low","110"
"2026-03-10T15","medium","62"
"2026-03-10T16","critical","8"
"2026-03-10T16","high","38"
"2026-03-10T16","low","108"
"2026-03-10T16","medium","61"
"2026-03-10T17","critical","12"
"2026-03-10T17","high","24"
"2026-03-10T17","low","119"
"2026-03-10T17","medium","73"
"2026-03-10T18","critical","14"
"2026-03-10T18","high","21"
"2026-03-10T18","low","92"
"2026-03-10T18","medium","68"
"2026-03-10T19","critical","7"
"2026-03-10T19","high","35"
"2026-03-10T19","low","118"
"2026-03-10T19","medium","53"
"2026-03-10T20","critical","15"
"2026-03-10T20","high","23"
"2026-03-10T20","low","100"
"2026-03-10T20","medium","70"
"2026-03-10T21","critical","14"
"2026-03-10T21","high","38"
"2026-03-10T21","low","106"
"2026-03-10T21","medium","60"
"2026-03-10T22","critical","7"
"2026-03-10T22","high","37"
"2026-03-10T22","low","98"
"2026-03-10T22","medium","59"
"2026-03-10T23","critical","8"
"2026-03-10T23","high","31"
"2026-03-10T23","low","99"
"2026-03-10T23","medium","61"
"2026-03-11T00","critical","13"
"2026-03-11T00","high","29"
"2026-03-11T00","low","94"
"2026-03-11T00","medium","74"
"2026-03-11T01","critical","11"
"2026-03-11T01","high","30"
"2026-03-11T01","low","114"
"2026-03-11T01","medium","68"
"2026-03-11T02","critical","9"
"2026-03-11T02","high","28"
"2026-03-11T02","low","110"
"2026-03-11T02","medium","76"
"2026-03-11T03","critical","12"
"2026-03-11T03","high","33"
"2026-03-11T03","low","102"
"2026-03-11T03","medium","80"
"2026-03-11T04","critical","7"
"2026-03-11T04","high","24"
"2026-03-11T04","low","96"
"2026-03-11T04","medium","66"
"2026-03-11T05","critical","7"
"2026-03-11T05","high","37"
"2026-03-11T05","low","92"
"2026-03-11T05","medium","54"
"2026-03-11T06","critical","10"
"2026-03-11T06","high","37"
"2026-03-11T06","low","118"
"2026-03-11T06","medium","59"
"2026-03-11T07","critical","3"
"2026-03-11T07","high","27"
"2026-03-11T07","low","100"
"2026-03-11T07","medium","65"
"2026-03-11T08","critical","9"
"2026-03-11T08","high","27"
"2026-03-11T08","low","116"
"2026-03-11T08","medium","54"
"2026-03-11T09","critical","8"
"2026-03-11T09","high","32"
"2026-03-11T09","low","114"
"2026-03-11T09","medium","77"
"2026-03-11T10","critical","11"
"2026-03-11T10","high","39"
"2026-03-11T10","low","89"
"2026-03-11T10","medium","58"
"2026-03-11T11","critical","11"
"2026-03-11T11","high","23"
"2026-03-11T11","low","104"
"2026-03-11T11","medium","75"
"2026-03-11T12","critical","6"
"2026-03-11T12","high","28"
"2026-03-11T12","low","110"
"2026-03-11T12","medium","62"
"2026-03-11T13","critical","8"
"2026-03-11T13","high","24"
"2026-03-11T13","low","119"
"2026-03-11T13","medium","51"
"2026-03-11T14","critical","8"
"2026-03-11T14","high","35"
"2026-03-11T14","low","111"
"2026-03-11T14","medium","56"
"2026-03-11T15","critical","13"
"2026-03-11T15","high","30"
"2026-03-11T15","low","115"
"2026-03-11T15","medium","56"
"2026-03-11T16","critical","9"
"2026-03-11T16","high","36"
"2026-03-11T16","low","118"
"2026-03-11T16","medium","63"
"2026-03-11T17","critical","8"
"2026-03-11T17","high","22"
"2026-03-11T17","low","110"
"2026-03-11T17","medium","47"
"2026-03-11T18","critical","15"
"2026-03-11T18","high","24"
"2026-03-11T18","low","102"
"2026-03-11T18","medium","56"
"2026-03-11T19","critical","4"
"2026-03-11T19","high","27"
"2026-03-11T19","low","104"
"2026-03-11T19","medium","51"
"2026-03-11T20","critical","13"
"2026-03-11T20","high","30"
"2026-03-11T20","low","89"
"2026-03-11T20","medium","57"
"2026-03-11T21","critical","13"
"2026-03-11T21","high","37"
"2026-03-11T21","low","113"
"2026-03-11T21","medium","69"
"2026-03-11T22","critical","9"
"2026-03-11T22","high","34"
"2026-03-11T22","low","104"
"2026-03-11T22","medium","54"
"2026-03-11T23","critical","9"
"2026-03-11T23","high","32"
"2026-03-11T23","low","110"
"2026-03-11T23","medium","67"
"2026-03-12T00","critical","10"
"2026-03-12T00","high","40"
"2026-03-12T00","low","121"
"2026-03-12T00","medium","61"
"2026-03-12T01","critical","13"
"2026-03-12T01","high","28"
"2026-03-12T01","low","107"
"2026-03-12T01","medium","50"
"2026-03-12T02","critical","15"
"2026-03-12T02","high","32"
"2026-03-12T02","low","79"
"2026-03-12T02","medium","66"
"2026-03-12T03","critical","16"
"2026-03-12T03","high","44"
"2026-03-12T03","low","111"
"2026-03-12T03","medium","52"
"2026-03-12T04","critical","11"
"2026-03-12T04","high","34"
"2026-03-12T04","low","101"
"2026-03-12T04","medium","66"
"2026-03-12T05","critical","10"
"2026-03-12T05","high","31"
"2026-03-12T05","low","102"
"2026-03-12T05","medium","53"
"2026-03-12T06","critical","10"
"2026-03-12T06","high","40"
"2026-03-12T06","low","101"
"2026-03-12T06","medium","72"
"2026-03-12T07","critical","10"
"2026-03-12T07","high","32"
"2026-03-12T07","low","115"
"2026-03-12T07","medium","63"
"2026-03-12T08","critical","9"
"2026-03-12T08","high","24"
"2026-03-12T08","low","89"
"2026-03-12T08","medium","60"
"2026-03-12T09","critical","17"
"2026-03-12T09","high","20"
"2026-03-12T09","low","105"
"2026-03-12T09","medium","74"
"2026-03-12T10","critical","13"
"2026-03-12T10","high","33"
"2026-03-12T10","low","106"
"2026-03-12T10","medium","63"
"2026-03-12T11","critical","9"
"2026-03-12T11","high","27"
"2026-03-12T11","low","111"
"2026-03-12T11","medium","61"
"2026-03-12T12","critical","6"
"2026-03-12T12","high","39"
"2026-03-12T12","low","97"
"2026-03-12T12","medium","62"
"2026-03-12T13","critical","8"
"2026-03-12T13","high","24"
"2026-03-12T13","low","106"
"2026-03-12T13","medium","67"
"2026-03-12T14","critical","6"
"2026-03-12T14","high","30"
"2026-03-12T14","low","104"
"2026-03-12T14","medium","61"
"2026-03-12T15","critical","7"
"2026-03-12T15","high","30"
"2026-03-12T15","low","104"
"2026-03-12T15","medium","61"
"2026-03-12T16","critical","13"
"2026-03-12T16","high","35"
"2026-03-12T16","low","112"
"2026-03-12T16","medium","51"
"2026-03-12T17","critical","9"
"2026-03-12T17","high","34"
"2026-03-12T17","low","110"
"2026-03-12T17","medium","73"
"2026-03-12T18","critical","11"
"2026-03-12T18","high","36"
"2026-03-12T18","low","95"
"2026-03-12T18","medium","63"
"2026-03-12T19","critical","10"
"2026-03-12T19","high","24"
"2026-03-12T19","low","106"
"2026-03-12T19","medium","76"
"2026-03-12T20","critical","8"
"2026-03-12T20","high","19"
"2026-03-12T20","low","96"
"2026-03-12T20","medium","75"
"2026-03-12T21","critical","12"
"2026-03-12T21","high","22"
"2026-03-12T21","low","99"
"2026-03-12T21","medium","66"
"2026-03-12T22","critical","11"
"2026-03-12T22","high","23"
"2026-03-12T22","low","102"
"2026-03-12T22","medium","80"
"2026-03-12T23","critical","12"
"2026-03-12T23","high","28"
"2026-03-12T23","low","109"
"2026-03-12T23","medium","51"
"2026-03-13T00","critical","15"
"2026-03-13T00","high","33"
"2026-03-13T00","low","111"
"2026-03-13T00","medium","69"
"2026-03-13T01","critical","10"
"2026-03-13T01","high","29"
"2026-03-13T01","low","93"
"2026-03-13T01","medium","64"
"2026-03-13T02","critical","10"
"2026-03-13T02","high","35"
"2026-03-13T02","low","118"
"2026-03-13T02","medium","60"
"2026-03-13T03","critical","8"
"2026-03-13T03","high","35"
"2026-03-13T03","low","116"
"2026-03-13T03","medium","52"
"2026-03-13T04","critical","11"
"2026-03-13T04","high","42"
"2026-03-13T04","low","112"
"2026-03-13T04","medium","66"
"2026-03-13T05","critical","3"
"2026-03-13T05","high","36"
"2026-03-13T05","low","97"
"2026-03-13T05","medium","72"
"2026-03-13T06","critical","7"
"2026-03-13T06","high","36"
"2026-03-13T06","low","98"
"2026-03-13T06","medium","70"
"2026-03-13T07","critical","9"
"2026-03-13T07","high","28"
"2026-03-13T07","low","99"
"2026-03-13T07","medium","66"
"2026-03-13T08","critical","7"
"2026-03-13T08","high","34"
"2026-03-13T08","low","84"
"2026-03-13T08","medium","70"
"2026-03-13T09","critical","11"
"2026-03-13T09","high","31"
"2026-03-13T09","low","99"
"2026-03-13T09","medium","54"
"2026-03-13T10","critical","10"
"2026-03-13T10","high","24"
"2026-03-13T10","low","114"
"2026-03-13T10","medium","55"
"2026-03-13T11","critical","8"
"2026-03-13T11","high","31"
"2026-03-13T11","low","107"
"2026-03-13T11","medium","80"
"2026-03-13T12","critical","13"
"2026-03-13T12","high","21"
"2026-03-13T12","low","96"
"2026-03-13T12","medium","44"
"2026-03-13T13","critical","8"
"2026-03-13T13","high","24"
"2026-03-13T13","low","109"
"2026-03-13T13","medium","63"
"2026-03-13T14","critical","18"
"2026-03-13T14","high","31"
"2026-03-13T14","low","108"
"2026-03-13T14","medium","78"
"2026-03-13T15","critical","6"
"2026-03-13T15","high","34"
"2026-03-13T15","low","98"
"2026-03-13T15","medium","58"
"2026-03-13T16","critical","10"
"2026-03-13T16","high","37"
"2026-03-13T16","low","109"
"2026-03-13T16","medium","50"
"2026-03-13T17","critical","11"
"2026-03-13T17","high","35"
"2026-03-13T17","low","98"
"2026-03-13T17","medium","56"
"2026-03-13T18","critical","12"
"2026-03-13T18","high","29"
"2026-03-13T18","low","90"
"2026-03-13T18","medium","68"
"2026-03-13T19","critical","14"
"2026-03-13T19","high","36"
"2026-03-13T19","low","101"
"2026-03-13T19","medium","71"
"2026-03-13T20","critical","9"
"2026-03-13T20","high","32"
"2026-03-13T20","low","112"
"2026-03-13T20","medium","67"
"2026-03-13T21","critical","13"
"2026-03-13T21","high","37"
"2026-03-13T21","low","95"
"2026-03-13T21","medium","56"
"2026-03-13T22","critical","9"
"2026-03-13T22","high","31"
"2026-03-13T22","low","93"
"2026-03-13T22","medium","70"
"2026-03-13T23","critical","8"
"2026-03-13T23","high","31"
"2026-03-13T23","low","100"
"2026-03-13T23","medium","72"
"2026-03-14T00","critical","7"
"2026-03-14T00","high","26"
"2026-03-14T00","low","94"
"2026-03-14T00","medium","69"
"2026-03-14T01","critical","14"
"2026-03-14T01","high","34"
"2026-03-14T01","low","126"
"2026-03-14T01","medium","58"
"2026-03-14T02","critical","11"
"2026-03-14T02","high","23"
"2026-03-14T02","low","96"
"2026-03-14T02","medium","62"
"2026-03-14T03","critical","10"
"2026-03-14T03","high","38"
"2026-03-14T03","low","108"
"2026-03-14T03","medium","67"
"2026-03-14T04","critical","13"
"2026-03-14T04","high","20"
"2026-03-14T04","low","123"
"2026-03-14T04","medium","76"
"2026-03-14T05","critical","8"
"2026-03-14T05","high","25"
"2026-03-14T05","low","108"
"2026-03-14T05","medium","62"
"2026-03-14T06","critical","15"
"2026-03-14T06","high","30"
"2026-03-14T06","low","112"
"2026-03-14T06","medium","53"
"2026-03-14T07","critical","14"
"2026-03-14T07","high","30"
"2026-03-14T07","low","107"
"2026-03-14T07","medium","56"
"2026-03-14T08","critical","4"
"2026-03-14T08","high","43"
"2026-03-14T08","low","102"
"2026-03-14T08","medium","39"
"2026-03-14T09","critical","8"
"2026-03-14T09","high","36"
"2026-03-14T09","low","90"
"2026-03-14T09","medium","65"
"2026-03-14T10","critical","12"
"2026-03-14T10","high","30"
"2026-03-14T10","low","123"
"2026-03-14T10","medium","75"
"2026-03-14T11","critical","12"
"2026-03-14T11","high","25"
"2026-03-14T11","low","108"
"2026-03-14T11","medium","70"
"2026-03-14T12","critical","15"
"2026-03-14T12","high","31"
"2026-03-14T12","low","92"
"2026-03-14T12","medium","50"
"2026-03-14T13","critical","15"
"2026-03-14T13","high","28"
"2026-03-14T13","low","104"
"2026-03-14T13","medium","81"
"2026-03-14T14","critical","8"
"2026-03-14T14","high","33"
"2026-03-14T14","low","123"
"2026-03-14T14","medium","52"
"2026-03-14T15","critical","13"
"2026-03-14T15","high","41"
"2026-03-14T15","low","93"
"2026-03-14T15","medium","65"
"2026-03-14T16","critical","19"
"2026-03-14T16","high","29"
"2026-03-14T16","low","103"
"2026-03-14T16","medium","60"
"2026-03-14T17","critical","8"
"2026-03-14T17","high","32"
"2026-03-14T17","low","100"
"2026-03-14T17","medium","73"
"2026-03-14T18","critical","9"
"2026-03-14T18","high","38"
"2026-03-14T18","low","114"
"2026-03-14T18","medium","58"
"2026-03-14T19","critical","11"
"2026-03-14T19","high","24"
"2026-03-14T19","low","98"
"2026-03-14T19","medium","58"
"2026-03-14T20","critical","11"
"2026-03-14T20","high","29"
"2026-03-14T20","low","99"
"2026-03-14T20","medium","66"
"2026-03-14T21","critical","8"
"2026-03-14T21","high","27"
"2026-03-14T21","low","82"
"2026-03-14T21","medium","52"
"2026-03-14T22","critical","5"
"2026-03-14T22","high","33"
"2026-03-14T22","low","109"
"2026-03-14T22","medium","61"
"2026-03-14T23","critical","13"
"2026-03-14T23","high","27"
"2026-03-14T23","low","113"
"2026-03-14T23","medium","50"
"2026-03-15T00","critical","13"
"2026-03-15T00","high","31"
"2026-03-15T00","low","107"
"2026-03-15T00","medium","46"
"2026-03-15T01","critical","12"
"2026-03-15T01","high","30"
"2026-03-15T01","low","94"
"2026-03-15T01","medium","61"
"2026-03-15T02","critical","13"
"2026-03-15T02","high","33"
"2026-03-15T02","low","90"
"2026-03-15T02","medium","60"
"2026-03-15T03","critical","9"
"2026-03-15T03","high","35"
"2026-03-15T03","low","101"
"2026-03-15T03","medium","74"
"2026-03-15T04","critical","5"
"2026-03-15T04","high","33"
"2026-03-15T04","low","93"
"2026-03-15T04","medium","70"
"2026-03-15T05","critical","9"
"2026-03-15T05","high","34"
"2026-03-15T05","low","112"
"2026-03-15T05","medium","74"
"2026-03-15T06","critical","8"
"2026-03-15T06","high","25"
"2026-03-15T06","low","97"
"2026-03-15T06","medium","58"
"2026-03-15T07","critical","7"
"2026-03-15T07","high","38"
"2026-03-15T07","low","104"
"2026-03-15T07","medium","52"
"2026-03-15T08","critical","13"
"2026-03-15T08","high","34"
"2026-03-15T08","low","107"
"2026-03-15T08","medium","75"
"2026-03-15T09","critical","13"
"2026-03-15T09","high","29"
"2026-03-15T09","low","89"
"2026-03-15T09","medium","51"
"2026-03-15T10","critical","12"
"2026-03-15T10","high","39"
"2026-03-15T10","low","103"
"2026-03-15T10","medium","49"
"2026-03-15T11","critical","11"
"2026-03-15T11","high","40"
"2026-03-15T11","low","104"
"2026-03-15T11","medium","65"
"2026-03-15T12","critical","11"
"2026-03-15T12","high","29"
"2026-03-15T12","low","106"
"2026-03-15T12","medium","60"
"2026-03-15T13","critical","10"
"2026-03-15T13","high","36"
"2026-03-15T13","low","107"
"2026-03-15T13","medium","60"
"2026-03-15T14","critical","12"
"2026-03-15T14","high","29"
"2026-03-15T14","low","96"
"2026-03-15T14","medium","64"
"2026-03-15T15","critical","10"
"2026-03-15T15","high","35"
"2026-03-15T15","low","103"
"2026-03-15T15","medium","68"
"2026-03-15T16","critical","12"
"2026-03-15T16","high","33"
"2026-03-15T16","low","106"
"2026-03-15T16","medium","72"
"2026-03-15T17","critical","10"
"2026-03-15T17","high","27"
"2026-03-15T17","low","111"
"2026-03-15T17","medium","60"
"2026-03-15T18","critical","8"
"2026-03-15T18","high","29"
"2026-03-15T18","low","102"
"2026-03-15T18","medium","52"
"2026-03-15T19","critical","14"
"2026-03-15T19","high","28"
"2026-03-15T19","low","120"
"2026-03-15T19","medium","58"
"2026-03-15T20","critical","6"
"2026-03-15T20","high","27"
"2026-03-15T20","low","97"
"2026-03-15T20","medium","67"
"2026-03-15T21","critical","12"
"2026-03-15T21","high","32"
"2026-03-15T21","low","107"
"2026-03-15T21","medium","61"
"2026-03-15T22","critical","8"
"2026-03-15T22","high","47"
"2026-03-15T22","low","119"
"2026-03-15T22","medium","62"
"2026-03-15T23","critical","12"
"2026-03-15T23","high","29"
"2026-03-15T23","low","117"
"2026-03-15T23","medium","57"
"2026-03-16T00","critical","12"
"2026-03-16T00","high","31"
"2026-03-16T00","low","82"
"2026-03-16T00","medium","63"
"2026-03-16T01","critical","12"
"2026-03-16T01","high","41"
"2026-03-16T01","low","106"
"2026-03-16T01","medium","61"
"2026-03-16T02","critical","7"
"2026-03-16T02","high","28"
"2026-03-16T02","low","95"
"2026-03-16T02","medium","69"
"2026-03-16T03","critical","11"
"2026-03-16T03","high","31"
"2026-03-16T03","low","118"
"2026-03-16T03","medium","68"
"2026-03-16T04","critical","10"
"2026-03-16T04","high","27"
"2026-03-16T04","low","94"
"2026-03-16T04","medium","74"
"2026-03-16T05","critical","4"
"2026-03-16T05","high","30"
"2026-03-16T05","low","96"
"2026-03-16T05","medium","75"
"2026-03-16T06","critical","12"
"2026-03-16T06","high","21"
"2026-03-16T06","low","94"
"2026-03-16T06","medium","68"
"2026-03-16T07","critical","7"
"2026-03-16T07","high","33"
"2026-03-16T07","low","100"
"2026-03-16T07","medium","71"
"2026-03-16T08","critical","11"
"2026-03-16T08","high","28"
"2026-03-16T08","low","108"
"2026-03-16T08","medium","77"
"2026-03-16T09","critical","12"
"2026-03-16T09","high","32"
"2026-03-16T09","low","107"
"2026-03-16T09","medium","61"
"2026-03-16T10","critical","12"
"2026-03-16T10","high","24"
"2026-03-16T10","low","121"
"2026-03-16T10","medium","62"
"2026-03-16T11","critical","13"
"2026-03-16T11","high","30"
"2026-03-16T11","low","115"
"2026-03-16T11","medium","78"
"2026-03-16T12","critical","8"
"2026-03-16T12","high","26"
"2026-03-16T12","low","94"
"2026-03-16T12","medium","61"
"2026-03-16T13","critical","12"
"2026-03-16T13","high","30"
"2026-03-16T13","low","98"
"2026-03-16T13","medium","68"
"2026-03-16T14","critical","9"
"2026-03-16T14","high","35"
"2026-03-16T14","low","106"
"2026-03-16T14","medium","66"
"2026-03-16T15","critical","6"
"2026-03-16T15","high","44"
"2026-03-16T15","low","94"
"2026-03-16T15","medium","64"
"2026-03-16T16","critical","11"
"2026-03-16T16","high","38"
"2026-03-16T16","low","110"
"2026-03-16T16","medium","64"
"2026-03-16T17","critical","2"
"2026-03-16T17","high","29"
"2026-03-16T17","low","107"
"2026-03-16T17","medium","59"
"2026-03-16T18","critical","12"
"2026-03-16T18","high","27"
"2026-03-16T18","low","91"
"2026-03-16T18","medium","58"
"2026-03-16T19","critical","8"
"2026-03-16T19","high","39"
"2026-03-16T19","low","113"
"2026-03-16T19","medium","61"
"2026-03-16T20","critical","12"
"2026-03-16T20","high","35"
"2026-03-16T20","low","110"
"2026-03-16T20","medium","45"
"2026-03-16T21","critical","6"
"2026-03-16T21","high","34"
"2026-03-16T21","low","97"
"2026-03-16T21","medium","69"
"2026-03-16T22","critical","13"
"2026-03-16T22","high","28"
"2026-03-16T22","low","104"
"2026-03-16T22","medium","51"
"2026-03-16T23","critical","13"
"2026-03-16T23","high","36"
"2026-03-16T23","low","93"
"2026-03-16T23","medium","62"
"2026-03-17T00","critical","10"
"2026-03-17T00","high","31"
"2026-03-17T00","low","101"
"2026-03-17T00","medium","74"
"2026-03-17T01","critical","13"
"2026-03-17T01","high","25"
"2026-03-17T01","low","104"
"2026-03-17T01","medium","63"
"2026-03-17T02","critical","9"
"2026-03-17T02","high","31"
"2026-03-17T02","low","99"
"2026-03-17T02","medium","62"
"2026-03-17T03","critical","10"
"2026-03-17T03","high","29"
"2026-03-17T03","low","103"
"2026-03-17T03","medium","56"
"2026-03-17T04","critical","14"
"2026-03-17T04","high","22"
"2026-03-17T04","low","94"
"2026-03-17T04","medium","56"
"2026-03-17T05","critical","7"
"2026-03-17T05","high","32"
"2026-03-17T05","low","102"
"2026-03-17T05","medium","56"
"2026-03-17T06","critical","11"
"2026-03-17T06","high","36"
"2026-03-17T06","low","101"
"2026-03-17T06","medium","55"
"2026-03-17T07","critical","8"
"2026-03-17T07","high","26"
"2026-03-17T07","low","116"
"2026-03-17T07","medium","62"
"2026-03-17T08","critical","12"
"2026-03-17T08","high","27"
"2026-03-17T08","low","111"
"2026-03-17T08","medium","61"
"2026-03-17T09","critical","13"
"2026-03-17T09","high","25"
"2026-03-17T09","low","105"
"2026-03-17T09","medium","58"
"2026-03-17T10","critical","12"
"2026-03-17T10","high","37"
"2026-03-17T10","low","95"
"2026-03-17T10","medium","61"
"2026-03-17T11","critical","7"
"2026-03-17T11","high","39"
"2026-03-17T11","low","117"
"2026-03-17T11","medium","46"
"2026-03-17T12","critical","19"
"2026-03-17T12","high","30"
"2026-03-17T12","low","110"
"2026-03-17T12","medium","58"
"2026-03-17T13","critical","12"
"2026-03-17T13","high","35"
"2026-03-17T13","low","99"
"2026-03-17T13","medium","69"
"2026-03-17T14","critical","22"
"2026-03-17T14","high","33"
"2026-03-17T14","low","97"
"2026-03-17T14","medium","70"
"2026-03-17T15","critical","14"
"2026-03-17T15","high","24"
"2026-03-17T15","low","114"
"2026-03-17T15","medium","62"
"2026-03-17T16","critical","14"
"2026-03-17T16","high","27"
"2026-03-17T16","low","104"
"2026-03-17T16","medium","60"
"2026-03-17T17","critical","7"
"2026-03-17T17","high","31"
"2026-03-17T17","low","113"
"2026-03-17T17","medium","61"
"2026-03-17T18","critical","7"
"2026-03-17T18","high","33"
"2026-03-17T18","low","105"
"2026-03-17T18","medium","55"
"2026-03-17T19","critical","21"
"2026-03-17T19","high","28"
"2026-03-17T19","low","101"
"2026-03-17T19","medium","62"
"2026-03-17T20","critical","7"
"2026-03-17T20","high","39"
"2026-03-17T20","low","103"
"2026-03-17T20","medium","66"
"2026-03-17T21","critical","12"
"2026-03-17T21","high","37"
"2026-03-17T21","low","104"
"2026-03-17T21","medium","57"
"2026-03-17T22","critical","5"
"2026-03-17T22","high","40"
"2026-03-17T22","low","121"
"2026-03-17T22","medium","67"
"2026-03-17T23","critical","7"
"2026-03-17T23","high","31"
"2026-03-17T23","low","100"
"2026-03-17T23","medium","63"
"2026-03-18T00","critical","5"
"2026-03-18T00","high","29"
"2026-03-18T00","low","100"
"2026-03-18T00","medium","64"
"2026-03-18T01","critical","7"
"2026-03-18T01","high","20"
"2026-03-18T01","low","106"
"2026-03-18T01","medium","78"
"2026-03-18T02","critical","7"
"2026-03-18T02","high","28"
"2026-03-18T02","low","95"
"2026-03-18T02","medium","64"
"2026-03-18T03","critical","12"
"2026-03-18T03","high","23"
"2026-03-18T03","low","111"
"2026-03-18T03","medium","57"
"2026-03-18T04","critical","14"
"2026-03-18T04","high","41"
"2026-03-18T04","low","108"
"2026-03-18T04","medium","54"
"2026-03-18T05","critical","12"
"2026-03-18T05","high","28"
"2026-03-18T05","low","99"
"2026-03-18T05","medium","69"
"2026-03-18T06","critical","12"
"2026-03-18T06","high","36"
"2026-03-18T06","low","98"
"2026-03-18T06","medium","58"
"2026-03-18T07","critical","8"
"2026-03-18T07","high","37"
"2026-03-18T07","low","110"
"2026-03-18T07","medium","65"
"2026-03-18T08","critical","10"
"2026-03-18T08","high","32"
"2026-03-18T08","low","93"
"2026-03-18T08","medium","70"
"2026-03-18T09","critical","9"
"2026-03-18T09","high","42"
"2026-03-18T09","low","105"
"2026-03-18T09","medium","59"
"2026-03-18T10","critical","7"
"2026-03-18T10","high","42"
"2026-03-18T10","low","99"
"2026-03-18T10","medium","72"
"2026-03-18T11","critical","9"
"2026-03-18T11","high","32"
"2026-03-18T11","low","84"
"2026-03-18T11","medium","69"
"2026-03-18T12","critical","8"
"2026-03-18T12","high","31"
"2026-03-18T12","low","128"
"2026-03-18T12","medium","57"
"2026-03-18T13","critical","13"
"2026-03-18T13","high","35"
"2026-03-18T13","low","91"
"2026-03-18T13","medium","57"
"2026-03-18T14","critical","10"
"2026-03-18T14","high","30"
"2026-03-18T14","low","100"
"2026-03-18T14","medium","74"
"2026-03-18T15","critical","11"
"2026-03-18T15","high","30"
"2026-03-18T15","low","116"
"2026-03-18T15","medium","76"
"2026-03-18T16","critical","7"
"2026-03-18T16","high","35"
"2026-03-18T16","low","112"
"2026-03-18T16","medium","83"
"2026-03-18T17","critical","11"
"2026-03-18T17","high","24"
"2026-03-18T17","low","102"
"2026-03-18T17","medium","57"
"2026-03-18T18","critical","14"
"2026-03-18T18","high","34"
"2026-03-18T18","low","89"
"2026-03-18T18","medium","55"
"2026-03-18T19","critical","6"
"2026-03-18T19","high","24"
"2026-03-18T19","low","104"
"2026-03-18T19","medium","61"
"2026-03-18T20","critical","10"
"2026-03-18T20","high","28"
"2026-03-18T20","low","111"
"2026-03-18T20","medium","58"
"2026-03-18T21","critical","15"
"2026-03-18T21","high","34"
"2026-03-18T21","low","90"
"2026-03-18T21","medium","48"
"2026-03-18T22","critical","9"
"2026-03-18T22","high","25"
"2026-03-18T22","low","110"
"2026-03-18T22","medium","56"
"2026-03-18T23","critical","12"
"2026-03-18T23","high","35"
"2026-03-18T23","low","106"
"2026-03-18T23","medium","79"
"2026-03-19T00","critical","10"
"2026-03-19T00","high","35"
"2026-03-19T00","low","135"
"2026-03-19T00","medium","69"
"2026-03-19T01","critical","14"
"2026-03-19T01","high","35"
"2026-03-19T01","low","84"
"2026-03-19T01","medium","65"
"2026-03-19T02","critical","13"
"2026-03-19T02","high","35"
"2026-03-19T02","low","105"
"2026-03-19T02","medium","59"
"2026-03-19T03","critical","4"
"2026-03-19T03","high","24"
"2026-03-19T03","low","108"
"2026-03-19T03","medium","72"
"2026-03-19T04","critical","17"
"2026-03-19T04","high","34"
"2026-03-19T04","low","98"
"2026-03-19T04","medium","58"
"2026-03-19T05","critical","15"
"2026-03-19T05","high","38"
"2026-03-19T05","low","92"
"2026-03-19T05","medium","64"
"2026-03-19T06","critical","7"
"2026-03-19T06","high","32"
"2026-03-19T06","low","103"
"2026-03-19T06","medium","70"
"2026-03-19T07","critical","3"
"2026-03-19T07","high","26"
"2026-03-19T07","low","129"
"2026-03-19T07","medium","70"
"2026-03-19T08","critical","13"
"2026-03-19T08","high","32"
"2026-03-19T08","low","92"
"2026-03-19T08","medium","70"
"2026-03-19T09","critical","7"
"2026-03-19T09","high","31"
"2026-03-19T09","low","120"
"2026-03-19T09","medium","63"
"2026-03-19T10","critical","10"
"2026-03-19T10","high","37"
"2026-03-19T10","low","97"
"2026-03-19T10","medium","63"
"2026-03-19T11","critical","7"
"2026-03-19T11","high","31"
"2026-03-19T11","low","110"
"2026-03-19T11","medium","49"
"2026-03-19T12","critical","8"
"2026-03-19T12","high","31"
"2026-03-19T12","low","90"
"2026-03-19T12","medium","53"
"2026-03-19T13","critical","21"
"2026-03-19T13","high","35"
"2026-03-19T13","low","100"
"2026-03-19T13","medium","62"
"2026-03-19T14","critical","7"
"2026-03-19T14","high","31"
"2026-03-19T14","low","96"
"2026-03-19T14","medium","50"
"2026-03-19T15","critical","9"
"2026-03-19T15","high","36"
"2026-03-19T15","low","117"
"2026-03-19T15","medium","58"
"2026-03-19T16","critical","11"
"2026-03-19T16","high","25"
"2026-03-19T16","low","73"
"2026-03-19T16","medium","56"
"2026-03-19T17","critical","10"
"2026-03-19T17","high","32"
"2026-03-19T17","low","93"
"2026-03-19T17","medium","55"
"2026-03-19T18","critical","12"
"2026-03-19T18","high","31"
"2026-03-19T18","low","106"
"2026-03-19T18","medium","64"
"2026-03-19T19","critical","16"
"2026-03-19T19","high","32"
"2026-03-19T19","low","119"
"2026-03-19T19","medium","64"
"2026-03-19T20","critical","11"
"2026-03-19T20","high","29"
"2026-03-19T20","low","104"
"2026-03-19T20","medium","70"
"2026-03-19T21","critical","11"
"2026-03-19T21","high","31"
"2026-03-19T21","low","92"
"2026-03-19T21","medium","75"
"2026-03-19T22","critical","12"
"2026-03-19T22","high","26"
"2026-03-19T22","low","96"
"2026-03-19T22","medium","65"
"2026-03-19T23","critical","10"
"2026-03-19T23","high","37"
"2026-03-19T23","low","115"
"2026-03-19T23","medium","58"
"2026-03-20T00","critical","13"
"2026-03-20T00","high","45"
"2026-03-20T00","low","124"
"2026-03-20T00","medium","59"
"2026-03-20T01","critical","12"
"2026-03-20T01","high","42"
"2026-03-20T01","low","117"
"2026-03-20T01","medium","57"
"2026-03-20T02","critical","9"
"2026-03-20T02","high","30"
"2026-03-20T02","low","108"
"2026-03-20T02","medium","58"
"2026-03-20T03","critical","9"
"2026-03-20T03","high","28"
"2026-03-20T03","low","106"
"2026-03-20T03","medium","75"
"2026-03-20T04","critical","9"
"2026-03-20T04","high","35"
"2026-03-20T04","low","106"
"2026-03-20T04","medium","71"
"2026-03-20T05","critical","4"
"2026-03-20T05","high","31"
"2026-03-20T05","low","92"
"2026-03-20T05","medium","55"
"2026-03-20T06","critical","5"
"2026-03-20T06","high","38"
"2026-03-20T06","low","104"
"2026-03-20T06","medium","68"
"2026-03-20T07","critical","7"
"2026-03-20T07","high","39"
"2026-03-20T07","low","126"
"2026-03-20T07","medium","69"
"2026-03-20T08","critical","13"
"2026-03-20T08","high","31"
"2026-03-20T08","low","92"
"2026-03-20T08","medium","60"
"2026-03-20T09","critical","6"
"2026-03-20T09","high","31"
"2026-03-20T09","low","88"
"2026-03-20T09","medium","76"
"2026-03-20T10","critical","17"
"2026-03-20T10","high","33"
"2026-03-20T10","low","108"
"2026-03-20T10","medium","53"
"2026-03-20T11","critical","10"
"2026-03-20T11","high","38"
"2026-03-20T11","low","115"
"2026-03-20T11","medium","64"
"2026-03-20T12","critical","11"
"2026-03-20T12","high","17"
"2026-03-20T12","low","90"
"2026-03-20T12","medium","60"
"2026-03-20T13","critical","9"
"2026-03-20T13","high","29"
"2026-03-20T13","low","95"
"2026-03-20T13","medium","61"
"2026-03-20T14","critical","9"
"2026-03-20T14","high","32"
"2026-03-20T14","low","109"
"2026-03-20T14","medium","52"
"2026-03-20T15","critical","8"
"2026-03-20T15","high","38"
"2026-03-20T15","low","110"
"2026-03-20T15","medium","62"
"2026-03-20T16","critical","14"
"2026-03-20T16","high","25"
"2026-03-20T16","low","108"
"2026-03-20T16","medium","63"
"2026-03-20T17","critical","9"
"2026-03-20T17","high","27"
"2026-03-20T17","low","91"
"2026-03-20T17","medium","61"
"2026-03-20T18","critical","11"
"2026-03-20T18","high","29"
"2026-03-20T18","low","108"
"2026-03-20T18","medium","53"
"2026-03-20T19","critical","12"
"2026-03-20T19","high","32"
"2026-03-20T19","low","97"
"2026-03-20T19","medium","62"
"2026-03-20T20","critical","10"
"2026-03-20T20","high","26"
"2026-03-20T20","low","103"
"2026-03-20T20","medium","60"
"2026-03-20T21","critical","15"
"2026-03-20T21","high","30"
"2026-03-20T21","low","95"
"2026-03-20T21","medium","64"
"2026-03-20T22","critical","9"
"2026-03-20T22","high","27"
"2026-03-20T22","low","102"
"2026-03-20T22","medium","56"
"2026-03-20T23","critical","12"
"2026-03-20T23","high","30"
"2026-03-20T23","low","99"
"2026-03-20T23","medium","82"
"2026-03-21T00","critical","11"
"2026-03-21T00","high","28"
"2026-03-21T00","low","103"
"2026-03-21T00","medium","54"
"2026-03-21T01","critical","11"
"2026-03-21T01","high","34"
"2026-03-21T01","low","96"
"2026-03-21T01","medium","61"
"2026-03-21T02","critical","12"
"2026-03-21T02","high","33"
"2026-03-21T02","low","112"
"2026-03-21T02","medium","73"
"2026-03-21T03","critical","12"
"2026-03-21T03","high","39"
"2026-03-21T03","low","108"
"2026-03-21T03","medium","59"
"2026-03-21T04","critical","14"
"2026-03-21T04","high","24"
"2026-03-21T04","low","119"
"2026-03-21T04","medium","69"
"2026-03-21T05","critical","8"
"2026-03-21T05","high","41"
"2026-03-21T05","low","94"
"2026-03-21T05","medium","55"
"2026-03-21T06","critical","11"
"2026-03-21T06","high","30"
"2026-03-21T06","low","95"
"2026-03-21T06","medium","61"
"2026-03-21T07","critical","5"
"2026-03-21T07","high","33"
"2026-03-21T07","low","99"
"2026-03-21T07","medium","64"
"2026-03-21T08","critical","13"
"2026-03-21T08","high","34"
"2026-03-21T08","low","98"
"2026-03-21T08","medium","60"
"2026-03-21T09","critical","7"
"2026-03-21T09","high","31"
"2026-03-21T09","low","113"
"2026-03-21T09","medium","57"
"2026-03-21T10","critical","6"
"2026-03-21T10","high","28"
"2026-03-21T10","low","107"
"2026-03-21T10","medium","55"
"2026-03-21T11","critical","11"
"2026-03-21T11","high","33"
"2026-03-21T11","low","108"
"2026-03-21T11","medium","57"
"2026-03-21T12","critical","7"
"2026-03-21T12","high","22"
"2026-03-21T12","low","121"
"2026-03-21T12","medium","63"
"2026-03-21T13","critical","11"
"2026-03-21T13","high","30"
"2026-03-21T13","low","95"
"2026-03-21T13","medium","58"
"2026-03-21T14","critical","14"
"2026-03-21T14","high","31"
"2026-03-21T14","low","94"
"2026-03-21T14","medium","68"
"2026-03-21T15","critical","12"
"2026-03-21T15","high","37"
"2026-03-21T15","low","99"
"2026-03-21T15","medium","68"
"2026-03-21T16","critical","10"
"2026-03-21T16","high","28"
"2026-03-21T16","low","112"
"2026-03-21T16","medium","59"
"2026-03-21T17","critical","8"
"2026-03-21T17","high","45"
"2026-03-21T17","low","109"
"2026-03-21T17","medium","68"
"2026-03-21T18","critical","11"
"2026-03-21T18","high","25"
"2026-03-21T18","low","106"
"2026-03-21T18","medium","69"
"2026-03-21T19","critical","11"
"2026-03-21T19","high","30"
"2026-03-21T19","low","101"
"2026-03-21T19","medium","69"
"2026-03-21T20","critical","8"
"2026-03-21T20","high","37"
"2026-03-21T20","low","99"
"2026-03-21T20","medium","61"
"2026-03-21T21","critical","14"
"2026-03-21T21","high","43"
"2026-03-21T21","low","92"
"2026-03-21T21","medium","63"
"2026-03-21T22","critical","11"
"2026-03-21T22","high","33"
"2026-03-21T22","low","98"
"2026-03-21T22","medium","62"
"2026-03-21T23","critical","9"
"2026-03-21T23","high","29"
"2026-03-21T23","low","99"
"2026-03-21T23","medium","65"
"2026-03-22T00","critical","9"
"2026-03-22T00","high","25"
"2026-03-22T00","low","113"
"2026-03-22T00","medium","46"
"2026-03-22T01","critical","11"
"2026-03-22T01","high","40"
"2026-03-22T01","low","108"
"2026-03-22T01","medium","50"
"2026-03-22T02","critical","10"
"2026-03-22T02","high","35"
"2026-03-22T02","low","128"
"2026-03-22T02","medium","63"
"2026-03-22T03","critical","16"
"2026-03-22T03","high","35"
"2026-03-22T03","low","113"
"2026-03-22T03","medium","66"
"2026-03-22T04","critical","9"
"2026-03-22T04","high","38"
"2026-03-22T04","low","105"
"2026-03-22T04","medium","68"
"2026-03-22T05","critical","10"
"2026-03-22T05","high","26"
"2026-03-22T05","low","85"
"2026-03-22T05","medium","78"
"2026-03-22T06","critical","11"
"2026-03-22T06","high","45"
"2026-03-22T06","low","98"
"2026-03-22T06","medium","71"
"2026-03-22T07","critical","11"
"2026-03-22T07","high","36"
"2026-03-22T07","low","109"
"2026-03-22T07","medium","55"
"2026-03-22T08","critical","11"
"2026-03-22T08","high","32"
"2026-03-22T08","low","99"
"2026-03-22T08","medium","63"
"2026-03-22T09","critical","9"
"2026-03-22T09","high","28"
"2026-03-22T09","low","97"
"2026-03-22T09","medium","60"
"2026-03-22T10","critical","13"
"2026-03-22T10","high","24"
"2026-03-22T10","low","85"
"2026-03-22T10","medium","55"
"2026-03-22T11","critical","11"
"2026-03-22T11","high","37"
"2026-03-22T11","low","107"
"2026-03-22T11","medium","68"
"2026-03-22T12","critical","16"
"2026-03-22T12","high","37"
"2026-03-22T12","low","97"
"2026-03-22T12","medium","74"
"2026-03-22T13","critical","12"
"2026-03-22T13","high","34"
"2026-03-22T13","low","99"
"2026-03-22T13","medium","59"
"2026-03-22T14","critical","10"
"2026-03-22T14","high","39"
"2026-03-22T14","low","82"
"2026-03-22T14","medium","58"
"2026-03-22T15","critical","13"
"2026-03-22T15","high","29"
"2026-03-22T15","low","101"
"2026-03-22T15","medium","65"
"2026-03-22T16","critical","11"
"2026-03-22T16","high","40"
"2026-03-22T16","low","112"
"2026-03-22T16","medium","60"
"2026-03-22T17","critical","8"
"2026-03-22T17","high","33"
"2026-03-22T17","low","96"
"2026-03-22T17","medium","53"
"2026-03-22T18","critical","13"
"2026-03-22T18","high","29"
"2026-03-22T18","low","113"
"2026-03-22T18","medium","52"
"2026-03-22T19","critical","9"
"2026-03-22T19","high","31"
"2026-03-22T19","low","102"
"2026-03-22T19","medium","80"
"2026-03-22T20","critical","12"
"2026-03-22T20","high","24"
"2026-03-22T20","low","111"
"2026-03-22T20","medium","54"
"2026-03-22T21","critical","7"
"2026-03-22T21","high","40"
"2026-03-22T21","low","109"
"2026-03-22T21","medium","69"
"2026-03-22T22","critical","11"
"2026-03-22T22","high","25"
"2026-03-22T22","low","87"
"2026-03-22T22","medium","62"
"2026-03-22T23","critical","10"
"2026-03-22T23","high","27"
"2026-03-22T23","low","94"
"2026-03-22T23","medium","69"
"2026-03-23T00","critical","3"
"2026-03-23T00","high","32"
"2026-03-23T00","low","114"
"2026-03-23T00","medium","70"
"2026-03-23T01","critical","6"
"2026-03-23T01","high","28"
"2026-03-23T01","low","89"
"2026-03-23T01","medium","73"
"2026-03-23T02","critical","15"
"2026-03-23T02","high","31"
"2026-03-23T02","low","119"
"2026-03-23T02","medium","59"
"2026-03-23T03","critical","10"
"2026-03-23T03","high","44"
"2026-03-23T03","low","115"
"2026-03-23T03","medium","52"
"2026-03-23T04","critical","15"
"2026-03-23T04","high","25"
"2026-03-23T04","low","127"
"2026-03-23T04","medium","52"
"2026-03-23T05","critical","7"
"2026-03-23T05","high","36"
"2026-03-23T05","low","97"
"2026-03-23T05","medium","50"
"2026-03-23T06","critical","7"
"2026-03-23T06","high","32"
"2026-03-23T06","low","102"
"2026-03-23T06","medium","66"
"2026-03-23T07","critical","13"
"2026-03-23T07","high","32"
"2026-03-23T07","low","121"
"2026-03-23T07","medium","57"
"2026-03-23T08","critical","14"
"2026-03-23T08","high","42"
"2026-03-23T08","low","89"
"2026-03-23T08","medium","64"
"2026-03-23T09","critical","5"
"2026-03-23T09","high","32"
"2026-03-23T09","low","119"
"2026-03-23T09","medium","46"
"2026-03-23T10","critical","12"
"2026-03-23T10","high","22"
"2026-03-23T10","low","105"
"2026-03-23T10","medium","54"
"2026-03-23T11","critical","13"
"2026-03-23T11","high","30"
"2026-03-23T11","low","90"
"2026-03-23T11","medium","59"
"2026-03-23T12","critical","9"
"2026-03-23T12","high","37"
"2026-03-23T12","low","111"
"2026-03-23T12","medium","61"
"2026-03-23T13","critical","10"
"2026-03-23T13","high","36"
"2026-03-23T13","low","121"
"2026-03-23T13","medium","63"
"2026-03-23T14","critical","9"
"2026-03-23T14","high","29"
"2026-03-23T14","low","100"
"2026-03-23T14","medium","69"
"2026-03-23T15","critical","12"
"2026-03-23T15","high","44"
"2026-03-23T15","low","80"
"2026-03-23T15","medium","61"
"2026-03-23T16","critical","6"
"2026-03-23T16","high","39"
"2026-03-23T16","low","103"
"2026-03-23T16","medium","63"
"2026-03-23T17","critical","8"
"2026-03-23T17","high","19"
"2026-03-23T17","low","91"
"2026-03-23T17","medium","63"
"2026-03-23T18","critical","10"
"2026-03-23T18","high","28"
"2026-03-23T18","low","99"
"2026-03-23T18","medium","67"
"2026-03-23T19","critical","8"
"2026-03-23T19","high","37"
"2026-03-23T19","low","101"
"2026-03-23T19","medium","82"
"2026-03-23T20","critical","13"
"2026-03-23T20","high","23"
"2026-03-23T20","low","113"
"2026-03-23T20","medium","57"
"2026-03-23T21","critical","9"
"2026-03-23T21","high","42"
"2026-03-23T21","low","87"
"2026-03-23T21","medium","68"
"2026-03-23T22","critical","10"
"2026-03-23T22","high","43"
"2026-03-23T22","low","100"
"2026-03-23T22","medium","70"
"2026-03-23T23","critical","12"
"2026-03-23T23","high","24"
"2026-03-23T23","low","97"
"2026-03-23T23","medium","61"
